Unnamed: 0,Player,Team,Age,GP,W,L,Min,PTS,FGM,FGA,FG%,3PM,3PA,3P%,FTM,FTA,FT%,OREB,DREB,REB,AST,TOV,STL,BLK,PF,FP,DD2,TD3,+/-,GP RANK,W RANK,L RANK,MIN RANK,PTS RANK,FGM RANK,FGA RANK,FG% RANK,3PM RANK,3PA RANK,3P% RANK,FTM RANK,FTA RANK,FT% RANK,OREB RANK,DREB RANK,REB RANK,AST RANK,TOV RANK,STL RANK,BLK RANK,PF RANK,FP RANK,DD2 RANK,TD3 RANK,+/- RANK
1,Kevin Durant,OKC,24,81,60,21,3118.8,2280,731,1433,51.0,139,334,41.6,679,750,90.5,46,594,640,374,280,116,105,143,3992,19,3,717,,,,,,,,,,,,,,,,,,,,,,,,,,
2,Kobe Bryant,LAL,34,78,42,36,3012.6,2133,738,1595,46.3,132,407,32.4,525,626,83.9,66,367,433,469,287,106,25,173,3462,16,2,139,,,,,,,,,,,,,,,,,,,,,,,,,,
3,LeBron James,MIA,28,76,61,15,2877.1,2036,765,1354,56.5,103,254,40.6,403,535,75.3,97,513,610,551,226,129,67,110,3957,36,4,720,,,,,,,,,,,,,,,,,,,,,,,,,,
4,James Harden,HOU,23,78,43,35,2984.5,2023,585,1337,43.8,179,486,36.8,674,792,85.1,62,317,379,455,295,142,38,178,3405,9,1,195,,,,,,,,,,,,,,,,,,,,,,,,,,
5,Carmelo Anthony,NYK,29,67,47,20,2481.9,1920,669,1489,44.9,157,414,37.9,425,512,83.0,134,326,460,171,175,52,32,205,2806,10,0,308,,,,,,,,,,,,,,,,,,,,,,,,,,
6,Russell Westbrook,OKC,24,82,60,22,2861.0,1903,673,1535,43.8,97,300,32.3,460,575,80.0,111,317,428,607,273,145,24,189,3561,23,1,630,,,,,,,,,,,,,,,,,,,,,,,,,,
7,Stephen Curry,GSW,25,78,45,33,2982.6,1786,626,1388,45.1,272,600,45.3,262,291,90.0,59,255,314,539,240,126,12,198,3145,15,0,133,,,,,,,,,,,,,,,,,,,,,,,,,,
8,Monta Ellis,MIL,27,82,38,44,3076.4,1577,597,1436,41.6,94,328,28.7,289,374,77.3,45,271,316,496,254,169,36,164,3061,9,0,-45,,,,,,,,,,,,,,,,,,,,,,,,,,
9,Damian Lillard,POR,22,82,33,49,3166.9,1562,553,1288,42.9,185,503,36.8,271,321,84.4,42,215,257,531,243,74,19,172,2703,7,0,-62,,,,,,,,,,,,,,,,,,,,,,,,,,
10,LaMarcus Aldridge,POR,27,74,32,42,2789.9,1560,638,1318,48.4,2,14,14.3,282,348,81.0,175,495,670,192,143,62,91,187,2968,38,0,-24,,,,,,,,,,,,,,,,,,,,,,,,,,
11,DeMar DeRozan,TOR,23,82,34,48,3013.0,1485,548,1231,44.5,34,120,28.3,355,427,83.1,48,272,320,204,151,76,24,173,2324,0,0,-112,,,,,,,,,,,,,,,,,,,,,,,,,,
12,Deron Williams,BKN,29,78,46,32,2842.2,1476,495,1124,44.0,169,447,37.8,317,369,85.9,29,203,232,604,218,75,30,194,2757,21,0,168,,,,,,,,,,,,,,,,,,,,,,,,,,
13,Dwyane Wade,MIA,31,69,55,14,2390.6,1463,569,1093,52.1,17,66,25.8,308,425,72.5,86,258,344,352,194,128,56,140,2762,4,0,571,,,,,,,,,,,,,,,,,,,,,,,,,,
14,David Lee,GSW,30,79,46,33,2907.3,1459,602,1160,51.9,0,4,0.0,255,320,79.7,218,668,886,279,207,67,22,246,3001,56,1,177,,,,,,,,,,,,,,,,,,,,,,,,,,
15,Kemba Walker,CHA,23,82,21,61,2858.7,1455,526,1244,42.3,107,332,32.2,296,371,79.8,60,223,283,471,200,160,31,153,2874,5,0,-464,,,,,,,,,,,,,,,,,,,,,,,,,,
16,JR Smith,NYK,27,80,53,27,2677.9,1446,527,1249,42.2,155,436,35.6,237,311,76.2,64,361,425,218,134,100,24,226,2521,8,0,296,,,,,,,,,,,,,,,,,,,,,,,,,,
17,Blake Griffin,LAC,24,80,55,25,2598.4,1440,577,1072,53.8,5,28,17.9,281,426,66.0,186,476,662,299,185,97,50,231,2939,28,1,387,,,,,,,,,,,,,,,,,,,,,,,,,,
18,Brook Lopez,BKN,25,74,46,28,2253.4,1437,570,1094,52.1,0,1,0.0,297,392,75.8,208,304,512,70,131,33,154,152,2586,12,0,288,,,,,,,,,,,,,,,,,,,,,,,,,,
19,Paul Pierce,BOS,35,77,41,36,2575.1,1430,476,1092,43.6,145,382,38.0,333,423,78.7,45,442,487,370,214,84,30,210,2697,12,3,122,,,,,,,,,,,,,,,,,,,,,,,,,,
20,Brandon Jennings,MIL,23,80,38,42,2896.9,1397,497,1247,39.9,173,461,37.5,230,281,81.9,59,187,246,521,203,125,10,155,2676,13,0,-286,,,,,,,,,,,,,,,,,,,,,,,,,,
21,Al Jefferson,UTA,28,78,41,37,2578.1,1391,611,1236,49.4,2,17,11.8,167,217,77.0,156,564,720,164,105,80,89,170,2903,37,0,-159,,,,,,,,,,,,,,,,,,,,,,,,,,
22,Jrue Holiday,PHI,23,78,34,44,2925.6,1383,555,1288,43.1,91,247,36.8,182,242,75.2,89,240,329,625,292,123,32,170,2888,20,1,-127,,,,,,,,,,,,,,,,,,,,,,,,,,
23,Paul George,IND,23,79,48,31,2971.9,1377,493,1176,41.9,170,469,36.2,221,274,80.7,88,515,603,327,233,143,51,227,2940,23,1,367,,,,,,,,,,,,,,,,,,,,,,,,,,
24,Rudy Gay,TOR,26,75,46,29,2687.0,1366,521,1253,41.6,84,260,32.3,240,295,81.4,99,362,461,202,198,113,53,182,2522,6,0,217,,,,,,,,,,,,,,,,,,,,,,,,,,
25,Klay Thompson,GSW,23,82,47,35,2935.9,1359,508,1205,42.2,211,526,40.1,132,157,84.1,32,274,306,183,157,86,45,237,2237,0,0,110,,,,,,,,,,,,,,,,,,,,,,,,,,
26,Tony Parker,SAS,31,66,47,19,2173.9,1341,519,995,52.2,24,68,35.3,279,330,84.5,18,180,198,499,170,54,6,92,2337,17,1,449,,,,,,,,,,,,,,,,,,,,,,,,,,
27,Josh Smith,ATL,27,76,40,36,2682.9,1327,550,1182,46.5,61,201,30.3,166,321,51.7,133,506,639,321,226,94,136,175,3039,29,0,83,,,,,,,,,,,,,,,,,,,,,,,,,,
28,Kyrie Irving,CLE,21,59,19,40,2047.9,1325,484,1070,45.2,109,279,39.1,248,290,85.5,34,182,216,350,191,89,21,146,2248,4,0,-177,,,,,,,,,,,,,,,,,,,,,,,,,,
29,Ryan Anderson,NOH,25,81,27,54,2502.8,1309,472,1115,42.3,213,557,38.2,152,180,84.4,191,328,519,97,97,42,31,179,2199,11,0,-257,,,,,,,,,,,,,,,,,,,,,,,,,,
30,Greg Monroe,DET,23,81,29,52,2687.3,1298,514,1058,48.6,0,4,0.0,270,392,68.9,236,541,777,281,234,105,55,190,2898,37,1,-226,,,,,,,,,,,,,,,,,,,,,,,,,,
31,Dwight Howard,LAL,27,76,42,34,2721.8,1296,470,813,57.8,1,6,16.7,355,721,49.2,251,694,945,108,225,84,186,291,3177,48,0,138,,,,,,,,,,,,,,,,,,,,,,,,,,
32,Al Horford,ATL,27,74,42,32,2756.4,1289,576,1060,54.3,3,6,50.0,134,208,64.4,195,562,757,240,147,78,78,163,2878,43,0,164,,,,,,,,,,,,,,,,,,,,,,,,,,
33,Carlos Boozer,CHI,31,79,43,36,2546.2,1281,544,1140,47.7,0,2,0.0,193,264,73.1,175,596,771,179,176,66,28,239,2581,44,0,-74,,,,,,,,,,,,,,,,,,,,,,,,,,
34,DeMarcus Cousins,SAC,22,75,26,49,2289.3,1280,482,1036,46.5,4,22,18.2,312,423,73.8,222,524,746,199,225,108,55,269,2738,35,1,-299,,,,,,,,,,,,,,,,,,,,,,,,,,
35,Jamal Crawford,LAC,33,76,51,25,2230.3,1255,445,1016,43.8,149,396,37.6,216,248,87.1,22,106,128,193,146,79,13,71,1828,0,0,365,,,,,,,,,,,,,,,,,,,,,,,,,,
35,O.J. Mayo,DAL,25,82,41,41,2913.2,1255,461,1026,44.9,142,349,40.7,191,233,82.0,36,255,291,361,210,93,23,195,2284,2,0,-103,,,,,,,,,,,,,,,,,,,,,,,,,,
37,David West,IND,32,73,43,30,2435.4,1250,502,1009,49.8,4,19,21.1,242,315,76.8,145,418,563,213,157,74,69,149,2517,16,1,367,,,,,,,,,,,,,,,,,,,,,,,,,,
38,Luol Deng,CHI,28,75,42,33,2902.9,1237,466,1093,42.6,75,233,32.2,230,282,81.6,162,314,476,222,144,81,32,105,2336,9,0,-2,,,,,,,,,,,,,,,,,,,,,,,,,,
39,Chris Bosh,MIA,29,74,58,16,2454.3,1232,485,907,53.5,21,74,28.4,241,302,79.8,131,370,501,123,128,66,101,168,2391,15,0,474,,,,,,,,,,,,,,,,,,,,,,,,,,
40,Tim Duncan,SAS,37,69,50,19,2078.0,1227,490,976,50.2,2,7,28.6,245,300,81.7,124,562,686,184,147,50,183,117,2878,36,0,459,,,,,,,,,,,,,,,,,,,,,,,,,,
41,Ty Lawson,DEN,25,73,49,24,2512.7,1216,448,971,46.1,85,232,36.6,235,311,75.6,36,162,198,501,182,107,8,135,2368,9,0,285,,,,,,,,,,,,,,,,,,,,,,,,,,
42,Chris Paul,LAC,28,70,50,20,2334.9,1186,412,856,48.1,76,232,32.8,286,323,88.5,53,209,262,678,159,169,10,143,2895,31,0,432,,,,,,,,,,,,,,,,,,,,,,,,,,
43,Chandler Parsons,HOU,24,76,42,34,2758.4,1177,456,939,48.6,152,395,38.5,113,155,72.9,79,325,404,269,147,75,32,148,2239,8,0,150,,,,,,,,,,,,,,,,,,,,,,,,,,
44,Joe Johnson,BKN,32,72,43,29,2642.1,1170,445,1052,42.3,148,395,37.5,132,161,82.0,53,165,218,253,123,49,14,99,1877,0,0,289,,,,,,,,,,,,,,,,,,,,,,,,,,
45,Zach Randolph,MEM,31,76,51,25,2607.0,1169,471,1024,46.0,2,23,8.7,225,300,75.0,310,544,854,108,150,61,31,180,2482,45,0,294,,,,,,,,,,,,,,,,,,,,,,,,,,
46,Mike Conley,MEM,25,80,54,26,2756.6,1168,414,940,44.0,106,293,36.2,234,282,83.0,43,182,225,487,189,174,24,171,2574,7,0,506,,,,,,,,,,,,,,,,,,,,,,,,,,
47,Jeff Teague,ATL,25,80,43,37,2628.4,1166,439,974,45.1,89,248,35.9,199,226,88.1,25,155,180,579,230,117,28,181,2456,15,0,74,,,,,,,,,,,,,,,,,,,,,,,,,,
48,Danilo Gallinari,DEN,24,71,50,21,2308.6,1149,364,871,41.8,135,362,37.3,286,348,82.2,65,302,367,176,111,64,36,130,2042,2,0,334,,,,,,,,,,,,,,,,,,,,,,,,,,
49,Paul Millsap,UTA,28,78,41,37,2374.8,1135,429,875,49.0,13,39,33.3,264,356,74.2,177,377,554,201,138,102,80,232,2509,15,0,4,,,,,,,,,,,,,,,,,,,,,,,,,,
50,Goran Dragic,PHX,27,77,25,52,2581.2,1134,401,906,44.3,88,276,31.9,244,326,74.8,60,178,238,569,212,124,26,214,2511,19,0,-242,,,,,,,,,,,,,,,,,,,,,,,,,,
51,Marc Gasol,MEM,28,80,55,25,2796.1,1127,429,869,49.4,1,14,7.1,268,316,84.8,184,438,622,318,157,80,139,255,2850,18,0,433,,,,,,,,,,,,,,,,,,,,,,,,,,
51,Thaddeus Young,PHI,25,76,33,43,2628.5,1127,509,958,53.1,1,8,12.5,108,188,57.4,182,389,571,125,90,133,55,191,2474,21,0,-34,,,,,,,,,,,,,,,,,,,,,,,,,,
53,Isaiah Thomas,SAC,24,79,27,52,2121.5,1100,366,832,44.0,115,321,35.8,253,287,88.2,29,132,161,316,140,67,3,167,1837,2,0,-139,,,,,,,,,,,,,,,,,,,,,,,,,,
53,JJ Redick,MIL,29,78,26,52,2379.5,1100,382,880,43.4,165,451,36.6,171,190,90.0,17,154,171,296,138,38,9,117,1752,0,0,-93,,,,,,,,,,,,,,,,,,,,,,,,,,
55,Jeremy Lin,HOU,24,82,45,37,2640.0,1095,396,897,44.1,87,257,33.9,216,275,78.5,32,215,247,497,236,134,29,205,2390,9,0,133,,,,,,,,,,,,,,,,,,,,,,,,,,
56,Evan Turner,PHI,24,82,34,48,2891.8,1094,441,1053,41.9,58,159,36.5,154,208,74.0,56,461,517,354,187,71,17,197,2322,14,0,-216,,,,,,,,,,,,,,,,,,,,,,,,,,
57,Vince Carter,DAL,36,81,41,40,2092.8,1088,372,855,43.5,162,399,40.6,182,223,81.6,58,276,334,194,106,74,44,226,2028,1,0,242,,,,,,,,,,,,,,,,,,,,,,,,,,
58,Greivis Vasquez,NOH,26,78,26,52,2685.2,1083,438,1012,43.3,83,243,34.2,124,154,80.5,43,294,337,704,247,66,6,190,2512,25,1,-183,,,,,,,,,,,,,,,,,,,,,,,,,,
59,Kevin Martin,OKC,30,77,57,20,2136.2,1077,350,778,45.0,158,371,42.6,219,246,89.0,31,147,178,106,101,72,8,138,1589,0,0,439,,,,,,,,,,,,,,,,,,,,,,,,,,
60,George Hill,IND,27,76,46,30,2619.6,1076,386,871,44.3,130,353,36.8,174,213,81.7,47,237,284,355,116,81,26,134,2154,3,0,418,,,,,,,,,,,,,,,,,,,,,,,,,,
61,Nate Robinson,CHI,29,82,45,37,2086.3,1074,399,921,43.3,141,348,40.5,135,169,79.9,29,155,184,358,144,85,10,207,1973,3,0,31,,,,,,,,,,,,,,,,,,,,,,,,,,
62,Arron Afflalo,ORL,27,64,18,46,2306.7,1057,397,905,43.9,72,240,30.0,191,223,85.7,29,210,239,206,138,40,11,137,1668,0,0,-321,,,,,,,,,,,,,,,,,,,,,,,,,,
63,Gerald Henderson,CHA,25,68,15,53,2133.3,1055,382,855,44.7,33,100,33.0,258,313,82.4,55,195,250,177,108,68,34,149,1819,2,0,-404,,,,,,,,,,,,,,,,,,,,,,,,,,
63,Serge Ibaka,OKC,23,80,58,22,2486.3,1055,446,778,57.3,20,57,35.1,143,191,74.9,222,395,617,43,125,28,242,213,2545,15,0,489,,,,,,,,,,,,,,,,,,,,,,,,,,
65,Luis Scola,PHX,33,82,25,57,2184.2,1048,432,915,47.2,3,16,18.8,181,230,78.7,158,383,541,182,126,67,35,257,2150,15,0,-211,,,,,,,,,,,,,,,,,,,,,,,,,,
66,Nicolas Batum,POR,24,73,32,41,2806.6,1047,352,833,42.3,165,444,37.2,178,210,84.8,97,315,412,360,190,91,83,139,2413,7,2,-109,,,,,,,,,,,,,,,,,,,,,,,,,,
67,Andre Iguodala,DEN,29,80,57,23,2778.9,1038,396,879,45.1,91,287,31.7,155,270,57.4,82,341,423,433,206,139,52,127,2562,10,1,380,,,,,,,,,,,,,,,,,,,,,,,,,,
68,Jeff Green,BOS,26,81,41,40,2251.5,1036,376,806,46.7,70,182,38.5,214,265,80.8,55,263,318,128,132,56,68,175,1850,1,0,5,,,,,,,,,,,,,,,,,,,,,,,,,,
69,Jarrett Jack,GSW,29,79,47,32,2348.6,1023,387,857,45.2,82,203,40.4,167,198,84.3,21,222,243,439,157,60,11,134,2029,8,0,83,,,,,,,,,,,,,,,,,,,,,,,,,,
70,Wesley Matthews,POR,26,69,28,41,2402.6,1022,352,808,43.6,169,425,39.8,149,187,79.7,35,156,191,174,109,90,18,172,1727,1,0,-85,,,,,,,,,,,,,,,,,,,,,,,,,,
71,JJ Hickson,POR,24,80,33,47,2322.6,1018,418,744,56.2,0,2,0.0,182,268,67.9,266,562,828,88,145,48,51,160,2296,40,0,-265,,,,,,,,,,,,,,,,,,,,,,,,,,
72,Gordon Hayward,UTA,23,72,37,35,2104.2,1017,336,773,43.5,102,246,41.5,243,294,82.7,51,174,225,213,120,58,38,125,1775,0,0,107,,,,,,,,,,,,,,,,,,,,,,,,,,
73,Nikola Pekovic,MIN,27,62,26,36,1959.4,1011,385,741,52.0,0,0,0.0,241,324,74.4,230,315,545,53,101,43,50,143,1923,26,0,-20,,,,,,,,,,,,,,,,,,,,,,,,,,
74,Nikola Vucevic,ORL,22,77,19,58,2559.1,1008,461,889,51.9,0,3,0.0,86,126,68.3,273,644,917,143,141,61,79,218,2602,46,0,-383,,,,,,,,,,,,,,,,,,,,,,,,,,
75,Kevin Garnett,BOS,37,68,36,32,2022.2,1004,422,850,49.6,2,16,12.5,158,201,78.6,75,455,530,159,110,78,62,154,2189,19,0,111,,,,,,,,,,,,,,,,,,,,,,,,,,
76,Brandon Knight,DET,21,75,29,46,2365.4,999,357,878,40.7,120,327,36.7,165,225,73.3,54,193,247,303,205,58,8,157,1743,3,0,-122,,,,,,,,,,,,,,,,,,,,,,,,,,
77,Corey Brewer,DEN,27,82,57,25,2002.7,990,375,883,42.5,91,307,29.6,149,216,69.0,55,180,235,124,102,118,23,154,1779,0,0,149,,,,,,,,,,,,,,,,,,,,,,,,,,
78,Tyreke Evans,SAC,23,65,20,45,2016.1,987,366,765,47.8,45,133,33.8,210,271,77.5,56,231,287,229,128,90,27,133,1898,1,0,-217,,,,,,,,,,,,,,,,,,,,,,,,,,
79,Darren Collison,DAL,25,81,41,40,2371.7,972,341,724,47.1,48,136,35.3,242,275,88.0,31,188,219,415,173,100,8,139,2008,3,0,-82,,,,,,,,,,,,,,,,,,,,,,,,,,
80,Ersan Ilyasova,MIL,26,73,34,39,2012.3,962,371,803,46.2,95,214,44.4,125,157,79.6,154,366,520,117,75,68,36,185,1999,18,0,12,,,,,,,,,,,,,,,,,,,,,,,,,,
81,Tristan Thompson,CLE,22,82,24,58,2564.2,957,390,799,48.8,0,3,0.0,177,291,60.8,306,467,773,108,123,60,71,234,2317,31,0,-234,,,,,,,,,,,,,,,,,,,,,,,,,,
82,Raymond Felton,NYK,29,68,47,21,2312.8,948,377,882,42.7,93,258,36.0,101,128,78.9,51,143,194,372,155,94,14,130,1908,3,0,280,,,,,,,,,,,,,,,,,,,,,,,,,,
83,Luke Ridnour,MIN,32,82,31,51,2474.1,939,367,811,45.3,66,212,31.1,139,164,84.8,41,165,206,311,130,82,15,187,1814,2,0,-135,,,,,,,,,,,,,,,,,,,,,,,,,,
84,Roy Hibbert,IND,26,79,49,30,2268.8,937,385,859,44.8,1,4,25.0,166,224,74.1,296,360,656,113,162,39,206,279,2467,23,1,387,,,,,,,,,,,,,,,,,,,,,,,,,,
85,Derrick Williams,MIN,22,78,29,49,1915.8,933,338,786,43.0,65,196,33.2,192,272,70.6,96,334,430,46,101,44,37,127,1660,8,0,-197,,,,,,,,,,,,,,,,,,,,,,,,,,
86,Metta World Peace,LAL,33,75,40,35,2529.6,929,332,824,40.3,141,412,34.2,124,169,73.4,101,271,372,112,98,122,42,198,1937,2,0,193,,,,,,,,,,,,,,,,,,,,,,,,,,
86,Robin Lopez,NOH,25,82,27,55,2135.8,929,384,719,53.4,0,0,0.0,161,207,77.8,226,236,462,64,110,32,128,167,1949,9,0,-142,,,,,,,,,,,,,,,,,,,,,,,,,,
88,Kenneth Faried,DEN,23,80,55,25,2247.6,923,380,689,55.2,0,0,0.0,163,266,61.3,260,474,734,77,113,81,83,234,2298,31,0,219,,,,,,,,,,,,,,,,,,,,,,,,,,
89,Dirk Nowitzki,DAL,35,53,28,25,1661.4,917,343,728,47.1,65,157,41.4,166,193,86.0,37,326,363,132,70,38,37,93,1706,6,0,56,,,,,,,,,,,,,,,,,,,,,,,,,,
90,Marcus Thornton,SAC,26,72,26,46,1726.4,916,332,774,42.9,141,379,37.2,111,126,88.1,50,131,181,91,68,61,4,105,1397,0,0,-287,,,,,,,,,,,,,,,,,,,,,,,,,,
91,John Wall,WAS,22,49,24,25,1602.1,906,324,735,44.1,12,45,26.7,246,306,80.4,35,161,196,373,157,65,37,117,1850,14,0,44,,,,,,,,,,,,,,,,,,,,,,,,,,
92,Spencer Hawes,PHI,25,82,34,48,2233.3,905,376,811,46.4,31,87,35.6,122,157,77.7,173,417,590,183,131,24,113,233,2168,19,0,-139,,,,,,,,,,,,,,,,,,,,,,,,,,
93,Dion Waiters,CLE,21,61,20,41,1756.3,894,336,815,41.2,63,203,31.0,159,213,74.6,22,127,149,183,121,59,16,113,1451,0,0,-154,,,,,,,,,,,,,,,,,,,,,,,,,,
94,Jason Thompson,SAC,26,82,28,54,2284.7,891,374,745,50.2,0,3,0.0,143,206,69.4,172,377,549,84,101,48,61,227,1902,13,0,-243,,,,,,,,,,,,,,,,,,,,,,,,,,
95,Randy Foye,UTA,29,82,43,39,2248.9,882,293,738,39.7,178,434,41.0,118,144,81.9,17,110,127,167,92,66,27,190,1472,0,0,-86,,,,,,,,,,,,,,,,,,,,,,,,,,
96,Ramon Sessions,CHA,27,61,13,48,1651.6,876,276,676,40.8,33,107,30.8,291,347,83.9,27,142,169,230,104,48,7,91,1485,0,0,-379,,,,,,,,,,,,,,,,,,,,,,,,,,
96,Rodney Stuckey,DET,27,76,24,52,2171.1,876,304,748,40.6,55,182,30.2,213,272,78.3,43,169,212,270,134,51,17,127,1605,1,0,-286,,,,,,,,,,,,,,,,,,,,,,,,,,
98,Carl Landry,GSW,29,81,46,35,1875.7,874,325,602,54.0,1,3,33.3,223,273,81.7,180,303,483,65,115,35,31,190,1634,7,0,-12,,,,,,,,,,,,,,,,,,,,,,,,,,
99,Martell Webster,WAS,26,76,28,48,2200.1,869,281,636,44.2,139,329,42.2,168,198,84.8,53,241,294,143,90,49,17,166,1544,1,0,-32,,,,,,,,,,,,,,,,,,,,,,,,,,
100,Anthony Davis,NOH,20,64,23,41,1846.0,867,349,676,51.6,0,6,0.0,169,225,75.1,165,357,522,63,89,75,112,158,2060,20,0,-154,,,,,,,,,,,,,,,,,,,,,,,,,,
101,Ray Allen,MIA,37,79,63,16,2035.3,863,292,651,44.9,139,332,41.9,140,158,88.6,40,177,217,135,103,67,15,129,1469,0,0,174,,,,,,,,,,,,,,,,,,,,,,,,,,
102,Jared Dudley,PHX,27,79,24,55,2170.0,861,313,669,46.8,106,271,39.1,129,162,79.6,79,166,245,203,101,75,8,128,1608,1,0,-126,,,,,,,,,,,,,,,,,,,,,,,,,,
103,Tayshaun Prince,MEM,33,82,44,38,2631.6,852,359,820,43.8,38,94,40.4,96,130,73.8,72,292,364,196,89,48,25,86,1713,2,0,111,,,,,,,,,,,,,,,,,,,,,,,,,,
104,Andray Blatche,BKN,26,82,49,33,1555.2,843,346,676,51.2,3,22,13.6,148,216,68.5,161,256,417,85,123,86,54,163,1768,7,0,-25,,,,,,,,,,,,,,,,,,,,,,,,,,
105,Alonzo Gee,CLE,26,82,24,58,2540.5,842,305,744,41.0,69,219,31.5,163,205,79.5,75,245,320,133,132,107,29,199,1702,2,0,-350,,,,,,,,,,,,,,,,,,,,,,,,,,
106,Ben Gordon,CHA,30,75,19,56,1560.0,840,310,760,40.8,113,292,38.7,107,127,84.3,18,112,130,141,136,35,16,134,1225,0,0,-430,,,,,,,,,,,,,,,,,,,,,,,,,,
107,Danny Green,SAS,26,80,57,23,2200.6,838,297,663,44.8,177,413,42.9,67,79,84.8,36,208,244,141,94,92,54,124,1686,0,0,313,,,,,,,,,,,,,,,,,,,,,,,,,,
107,Tiago Splitter,SAS,28,81,58,23,1997.0,838,315,563,56.0,0,2,0.0,208,285,73.0,144,371,515,130,100,63,64,161,1932,11,0,378,,,,,,,,,,,,,,,,,,,,,,,,,,
109,J.J. Barea,MIN,29,74,29,45,1712.8,834,316,758,41.7,97,280,34.6,105,134,78.4,34,173,207,294,145,32,0,131,1474,1,0,-63,,,,,,,,,,,,,,,,,,,,,,,,,,
110,Omer Asik,HOU,26,82,45,37,2464.1,832,332,614,54.1,0,1,0.0,168,299,56.2,275,681,956,75,173,46,87,223,2318,33,0,288,,,,,,,,,,,,,,,,,,,,,,,,,,
111,Jose Calderon,DET,31,73,23,50,2159.4,826,312,635,49.1,130,282,46.1,72,80,90.0,20,156,176,518,126,58,8,99,1886,11,2,-251,,,,,,,,,,,,,,,,,,,,,,,,,,
112,Jameer Nelson,ORL,31,56,17,39,1977.1,822,306,780,39.2,121,355,34.1,89,102,87.3,23,186,209,413,154,71,6,161,1769,14,0,-167,,,,,,,,,,,,,,,,,,,,,,,,,,
112,Matt Barnes,LAC,33,80,55,25,2057.9,822,312,675,46.2,111,325,34.2,87,117,74.4,111,255,366,123,90,82,63,233,1791,1,0,288,,,,,,,,,,,,,,,,,,,,,,,,,,
114,Jordan Crawford,BOS,24,70,23,47,1708.5,814,301,725,41.5,83,246,33.7,129,159,81.1,44,165,209,225,141,39,7,106,1399,1,1,-167,,,,,,,,,,,,,,,,,,,,,,,,,,
115,Amir Johnson,TOR,26,81,34,47,2324.8,813,336,606,55.4,5,13,38.5,136,187,72.7,227,384,611,122,117,81,110,301,2185,15,0,213,,,,,,,,,,,,,,,,,,,,,,,,,,
115,Caron Butler,LAC,33,78,55,23,1879.4,813,305,720,42.4,128,330,38.8,75,90,83.3,41,182,223,78,72,51,11,139,1312,0,0,253,,,,,,,,,,,,,,,,,,,,,,,,,,
117,Shawn Marion,DAL,35,67,32,35,2010.3,812,355,690,51.4,23,73,31.5,79,101,78.2,146,379,525,163,103,75,47,111,1950,14,0,-161,,,,,,,,,,,,,,,,,,,,,,,,,,
118,Kyle Korver,ATL,32,74,41,33,2258.7,810,277,601,46.1,189,414,45.7,67,78,85.9,23,270,293,146,70,70,37,170,1632,0,0,199,,,,,,,,,,,,,,,,,,,,,,,,,,
119,Jason Terry,BOS,35,79,40,39,2123.6,799,281,648,43.4,123,331,37.2,114,131,87.0,19,140,159,198,102,66,11,110,1416,1,0,60,,,,,,,,,,,,,,,,,,,,,,,,,,
120,Andrei Kirilenko,MIN,32,64,26,38,2033.9,791,284,560,50.7,35,120,29.2,188,250,75.2,102,260,362,177,119,96,62,82,1846,7,0,-27,,,,,,,,,,,,,,,,,,,,,,,,,,
120,Kyle Lowry,TOR,27,68,27,41,2020.2,791,250,623,40.1,101,279,36.2,190,239,79.5,56,265,321,435,157,94,24,218,2026,11,1,40,,,,,,,,,,,,,,,,,,,,,,,,,,
122,Andre Miller,DEN,37,82,57,25,2151.3,786,303,632,47.9,17,64,26.6,163,194,84.0,60,178,238,484,172,73,11,159,1878,4,0,209,,,,,,,,,,,,,,,,,,,,,,,,,,
123,Mike Dunleavy,MIL,32,75,33,42,1942.5,785,276,624,44.2,128,299,42.8,105,128,82.0,31,260,291,145,90,39,35,135,1484,1,0,99,,,,,,,,,,,,,,,,,,,,,,,,,,
124,Joakim Noah,CHI,28,66,36,30,2426.3,784,303,630,48.1,0,5,0.0,178,237,75.1,260,473,733,262,176,78,141,185,2538,33,2,62,,,,,,,,,,,,,,,,,,,,,,,,,,
125,Bradley Beal,WAS,20,56,21,35,1744.6,780,282,687,41.0,91,236,38.6,125,159,78.6,43,168,211,137,90,50,29,113,1386,3,0,-92,,,,,,,,,,,,,,,,,,,,,,,,,,
126,Nene,WAS,30,61,26,35,1659.3,766,285,594,48.0,0,1,0.0,196,269,72.9,101,306,407,177,139,55,37,171,1657,7,0,93,,,,,,,,,,,,,,,,,,,,,,,,,,
127,Emeka Okafor,WAS,30,79,27,52,2052.0,765,328,687,47.7,0,0,0.0,109,191,57.1,199,493,692,93,107,45,77,145,1994,20,0,-48,,,,,,,,,,,,,,,,,,,,,,,,,,
128,Michael Beasley,PHX,24,75,24,51,1554.1,759,310,766,40.5,45,144,31.3,94,126,74.6,52,230,282,111,144,31,34,107,1315,2,0,-336,,,,,,,,,,,,,,,,,,,,,,,,,,
129,Harrison Barnes,GSW,21,81,46,35,2057.5,748,276,628,43.9,52,145,35.9,144,190,75.8,53,280,333,98,101,52,14,140,1392,4,0,48,,,,,,,,,,,,,,,,,,,,,,,,,,
130,Patrick Patterson,SAC,24,71,31,40,1774.9,737,319,623,51.2,51,132,38.6,48,63,76.2,113,224,337,81,61,31,40,138,1415,4,0,62,,,,,,,,,,,,,,,,,,,,,,,,,,
131,CJ Miles,CLE,26,65,19,46,1363.9,729,255,614,41.5,126,328,38.4,93,107,86.9,24,150,174,63,69,49,17,138,1161,0,0,-85,,,,,,,,,,,,,,,,,,,,,,,,,,
131,Dorell Wright,PHI,27,79,32,47,1782.8,729,237,599,39.6,135,361,37.4,120,141,85.1,42,260,302,150,64,62,35,98,1543,0,0,-177,,,,,,,,,,,,,,,,,,,,,,,,,,
133,Derrick Favors,UTA,21,77,40,37,1786.9,727,274,568,48.2,0,5,0.0,179,260,68.8,184,362,546,75,129,67,130,247,1957,9,0,-6,,,,,,,,,,,,,,,,,,,,,,,,,,
134,DeAndre Jordan,LAC,24,82,56,26,2009.7,724,314,488,64.3,0,0,0.0,96,249,38.6,210,384,594,28,100,48,112,192,1859,12,0,274,,,,,,,,,,,,,,,,,,,,,,,,,,
135,Kevin Seraphin,WAS,23,79,27,52,1720.8,721,330,716,46.1,0,0,0.0,61,88,69.3,107,239,346,57,130,24,59,211,1341,4,0,-218,,,,,,,,,,,,,,,,,,,,,,,,,,
136,Kyle Singler,DET,25,82,29,53,2292.9,720,275,642,42.8,70,200,35.0,100,124,80.6,109,221,330,77,98,57,37,217,1416,1,0,-160,,,,,,,,,,,,,,,,,,,,,,,,,,
137,JaVale McGee,DEN,25,79,54,25,1433.4,717,303,527,57.5,1,1,100.0,110,186,59.1,158,223,381,24,90,30,157,184,1681,2,0,65,,,,,,,,,,,,,,,,,,,,,,,,,,
138,Eric Gordon,NOH,24,42,16,26,1263.8,713,235,584,40.2,56,173,32.4,187,222,84.2,10,67,77,137,117,45,8,75,1053,0,0,-36,,,,,,,,,,,,,,,,,,,,,,,,,,
139,Antawn Jamison,LAL,37,76,41,35,1635.6,712,267,575,46.4,84,233,36.1,94,136,69.1,109,253,362,50,53,30,22,124,1324,5,0,16,,,,,,,,,,,,,,,,,,,,,,,,,,
140,Carlos Delfino,HOU,30,67,38,29,1689.3,708,251,620,40.5,158,421,37.5,48,56,85.7,18,202,220,135,72,68,9,114,1334,0,0,247,,,,,,,,,,,,,,,,,,,,,,,,,,
141,Jimmy Butler,CHI,23,82,45,37,2133.6,705,239,512,46.7,40,105,38.1,187,233,80.3,136,192,328,115,62,78,31,97,1536,4,0,55,,,,,,,,,,,,,,,,,,,,,,,,,,
141,Manu Ginobili,SAS,35,60,45,15,1393.2,705,229,539,42.5,83,235,35.3,164,206,79.6,30,171,201,274,132,80,13,114,1504,1,0,231,,,,,,,,,,,,,,,,,,,,,,,,,,
141,Tony Allen,MEM,31,79,54,25,2109.1,705,284,638,44.5,3,24,12.5,134,187,71.7,121,242,363,98,94,119,44,211,1683,2,0,216,,,,,,,,,,,,,,,,,,,,,,,,,,
144,Michael Kidd-Gilchrist,CHA,19,78,20,58,2024.8,704,281,613,45.8,2,9,22.2,140,187,74.9,131,324,455,117,101,54,70,164,1697,6,0,-286,,,,,,,,,,,,,,,,,,,,,,,,,,
145,Marco Belinelli,CHI,27,73,40,33,1881.5,702,241,610,39.5,79,221,35.7,141,168,83.9,13,127,140,148,82,44,6,140,1160,0,0,-42,,,,,,,,,,,,,,,,,,,,,,,,,,
146,Brandon Bass,BOS,28,81,41,40,2239.2,701,286,589,48.6,0,2,0.0,129,150,86.0,129,296,425,84,80,44,64,188,1581,3,0,-176,,,,,,,,,,,,,,,,,,,,,,,,,,
147,Larry Sanders,MIL,24,71,34,37,1937.4,696,306,605,50.6,0,2,0.0,84,136,61.8,224,448,672,83,87,53,201,233,2302,26,1,36,,,,,,,,,,,,,,,,,,,,,,,,,,
148,Dante Cunningham,MIN,26,80,30,50,2010.0,695,314,671,46.8,0,6,0.0,67,103,65.0,142,266,408,67,56,84,38,153,1595,3,0,-98,,,,,,,,,,,,,,,,,,,,,,,,,,
149,Alan Anderson,TOR,30,65,31,34,1495.0,693,236,616,38.3,95,285,33.3,126,147,85.7,34,114,148,103,80,48,7,131,1110,0,0,-80,,,,,,,,,,,,,,,,,,,,,,,,,,
149,Chris Kaman,DAL,31,66,31,35,1363.0,693,313,617,50.7,0,1,0.0,67,85,78.8,97,275,372,51,103,29,52,141,1356,3,0,-128,,,,,,,,,,,,,,,,,,,,,,,,,,
149,Jerryd Bayless,MEM,24,80,54,26,1764.7,693,260,621,41.9,71,201,35.3,102,122,83.6,22,154,176,264,120,59,17,168,1408,0,0,6,,,,,,,,,,,,,,,,,,,,,,,,,,
152,Kawhi Leonard,SAS,22,58,43,15,1810.1,689,260,526,49.4,65,174,37.4,104,126,82.5,63,283,346,93,62,97,32,99,1569,6,0,357,,,,,,,,,,,,,,,,,,,,,,,,,,
152,Tyson Chandler,NYK,30,66,42,24,2163.5,689,255,400,63.8,0,0,0.0,179,258,69.4,269,434,703,62,87,42,75,188,1890,20,0,249,,,,,,,,,,,,,,,,,,,,,,,,,,
154,Lance Stephenson,IND,22,78,46,32,2278.1,687,275,598,46.0,62,188,33.0,75,115,65.2,47,257,304,223,109,81,16,162,1568,2,0,380,,,,,,,,,,,,,,,,,,,,,,,,,,
155,Marcin Gortat,PHX,29,61,21,40,1875.8,680,295,566,52.1,0,3,0.0,90,138,65.2,128,388,516,75,99,40,98,127,1727,17,0,-199,,,,,,,,,,,,,,,,,,,,,,,,,,
156,Pau Gasol,LAL,32,49,27,22,1655.0,673,270,579,46.6,8,28,28.6,125,178,70.2,111,310,421,200,104,24,61,93,1629,15,2,99,,,,,,,,,,,,,,,,,,,,,,,,,,
157,John Salmons,SAC,33,76,26,50,2278.4,672,244,612,39.9,99,267,37.1,85,110,77.3,33,174,207,226,85,51,25,143,1402,1,0,-38,,,,,,,,,,,,,,,,,,,,,,,,,,
158,Markieff Morris,PHX,23,82,25,57,1837.0,670,266,653,40.7,45,134,33.6,93,127,73.2,131,265,396,108,104,77,64,209,1626,3,0,-361,,,,,,,,,,,,,,,,,,,,,,,,,,
159,Mario Chalmers,MIA,27,77,62,15,2067.5,666,227,529,42.9,123,301,40.9,89,112,79.5,19,152,171,273,119,118,12,196,1552,0,0,569,,,,,,,,,,,,,,,,,,,,,,,,,,
160,Alexey Shved,MIN,24,77,30,47,1839.5,665,236,635,37.2,85,288,29.5,108,150,72.0,41,134,175,286,147,54,27,117,1400,2,0,-78,,,,,,,,,,,,,,,,,,,,,,,,,,
161,Marreese Speights,CLE,25,79,39,40,1300.0,658,260,584,44.5,3,10,30.0,135,175,77.1,146,240,386,47,80,24,53,175,1343,5,0,-148,,,,,,,,,,,,,,,,,,,,,,,,,,
162,Kosta Koufos,DEN,24,81,57,24,1817.1,648,295,508,58.1,0,1,0.0,58,104,55.8,211,351,562,32,53,44,103,246,1758,6,0,299,,,,,,,,,,,,,,,,,,,,,,,,,,
163,Gary Neal,SAS,28,68,47,21,1483.8,645,246,597,41.2,89,251,35.5,64,74,86.5,13,130,143,129,69,30,2,93,1037,0,0,101,,,,,,,,,,,,,,,,,,,,,,,,,,
164,Eric Bledsoe,LAC,23,76,52,24,1553.0,643,253,568,44.5,31,78,39.7,106,134,79.1,78,147,225,233,137,109,55,112,1618,2,0,123,,,,,,,,,,,,,,,,,,,,,,,,,,
165,Steve Nash,LAL,39,50,26,24,1626.8,636,236,475,49.7,57,130,43.8,107,116,92.2,26,116,142,333,126,30,5,70,1285,8,0,36,,,,,,,,,,,,,,,,,,,,,,,,,,
165,Will Bynum,DET,30,65,26,39,1219.2,636,253,540,46.9,24,76,31.6,106,131,80.9,28,69,97,231,125,45,5,128,1124,3,0,-169,,,,,,,,,,,,,,,,,,,,,,,,,,
167,Nick Young,PHI,28,59,23,36,1411.3,628,224,542,41.3,75,210,35.7,105,128,82.0,24,106,130,84,50,36,14,84,1010,0,0,-95,,,,,,,,,,,,,,,,,,,,,,,,,,
168,Maurice Harkless,ORL,20,76,18,58,1973.6,625,260,564,46.1,32,117,27.4,73,128,57.0,122,213,335,50,69,88,62,144,1483,1,0,-468,,,,,,,,,,,,,,,,,,,,,,,,,,
169,Ed Davis,MEM,24,81,43,38,1630.9,623,260,482,53.9,0,0,0.0,103,167,61.7,152,308,460,63,63,38,85,191,1576,9,0,-34,,,,,,,,,,,,,,,,,,,,,,,,,,
170,Jodie Meeks,LAL,25,78,45,33,1663.2,618,205,530,38.7,122,342,35.7,86,96,89.6,37,134,171,69,52,58,5,103,1064,0,0,55,,,,,,,,,,,,,,,,,,,,,,,,,,
171,Shannon Brown,PHX,27,59,17,42,1402.0,617,240,571,42.0,39,141,27.7,98,125,78.4,44,105,149,108,74,59,15,92,1106,0,0,-195,,,,,,,,,,,,,,,,,,,,,,,,,,
172,Wayne Ellington,CLE,25,78,39,39,1660.8,614,226,529,42.7,94,240,39.2,68,75,90.7,25,141,166,104,57,45,3,81,1056,0,0,17,,,,,,,,,,,,,,,,,,,,,,,,,,
173,Thabo Sefolosha,OKC,29,81,59,22,2228.7,613,224,466,48.1,108,258,41.9,57,69,82.6,58,259,317,125,64,103,44,177,1558,0,0,501,,,,,,,,,,,,,,,,,,,,,,,,,,
174,Courtney Lee,BOS,27,78,40,38,1941.0,612,246,530,46.4,58,156,37.2,62,72,86.1,31,159,190,143,84,89,21,139,1301,0,0,-93,,,,,,,,,,,,,,,,,,,,,,,,,,
175,Tyler Zeller,CLE,23,77,24,53,2033.2,610,245,559,43.8,0,4,0.0,120,157,76.4,159,279,438,96,95,35,70,251,1500,7,0,-260,,,,,,,,,,,,,,,,,,,,,,,,,,
176,Ricky Rubio,MIN,22,57,18,39,1690.9,608,185,514,36.0,27,92,29.3,211,264,79.9,44,185,229,418,172,137,5,143,1764,13,1,-84,,,,,,,,,,,,,,,,,,,,,,,,,,
177,Tobias Harris,ORL,20,55,16,39,1298.6,603,233,512,45.5,34,108,31.5,103,137,75.2,73,214,287,69,66,32,44,120,1213,9,0,-168,,,,,,,,,,,,,,,,,,,,,,,,,,
178,Marcus Morris Sr.,PHX,23,77,35,42,1523.9,596,222,526,42.2,86,233,36.9,66,117,56.4,80,197,277,62,77,45,20,160,1139,0,0,-122,,,,,,,,,,,,,,,,,,,,,,,,,,
179,Mo Williams,UTA,30,46,22,24,1417.8,592,229,533,43.0,59,154,38.3,75,85,88.2,24,86,110,285,125,46,9,105,1192,3,0,-64,,,,,,,,,,,,,,,,,,,,,,,,,,
180,E'Twaun Moore,ORL,24,75,19,56,1682.3,588,237,598,39.6,67,197,34.0,47,59,79.7,48,119,167,206,105,51,23,122,1214,1,0,-304,,,,,,,,,,,,,,,,,,,,,,,,,,
181,Andrew Nicholson,ORL,23,75,18,57,1249.4,587,256,486,52.7,0,0,0.0,75,94,79.8,69,189,258,44,79,24,32,133,1052,2,0,-157,,,,,,,,,,,,,,,,,,,,,,,,,,
182,Devin Harris,ATL,30,58,35,23,1421.3,577,194,443,43.8,77,230,33.5,112,154,72.7,6,110,116,197,88,64,13,103,1155,0,0,156,,,,,,,,,,,,,,,,,,,,,,,,,,
183,Tyler Hansbrough,IND,27,81,49,32,1365.5,568,176,407,43.2,0,3,0.0,216,300,72.0,161,212,373,36,78,29,18,152,1133,6,0,-9,,,,,,,,,,,,,,,,,,,,,,,,,,
184,Byron Mullens,CHA,24,53,13,40,1427.7,564,217,563,38.5,66,208,31.7,64,99,64.6,71,266,337,81,74,34,32,110,1214,8,0,-419,,,,,,,,,,,,,,,,,,,,,,,,,,
185,Wilson Chandler,DEN,26,43,33,10,1079.4,560,210,455,46.2,52,126,41.3,88,111,79.3,45,173,218,58,60,45,12,119,1020,0,0,177,,,,,,,,,,,,,,,,,,,,,,,,,,
186,Al-Farouq Aminu,NOH,22,76,25,51,2066.1,555,225,474,47.5,4,19,21.1,101,137,73.7,139,446,585,103,116,92,51,153,1725,10,0,-76,,,,,,,,,,,,,,,,,,,,,,,,,,
186,Brian Roberts,NOH,27,78,26,52,1323.8,555,213,511,41.7,59,153,38.6,70,77,90.9,17,80,97,219,71,37,3,108,1049,2,0,-172,,,,,,,,,,,,,,,,,,,,,,,,,,
188,Jonas Valanciunas,TOR,21,62,25,37,1481.6,554,204,366,55.7,0,0,0.0,146,185,78.9,121,251,372,45,94,17,78,188,1259,8,0,-125,,,,,,,,,,,,,,,,,,,,,,,,,,
189,Lou Williams,ATL,26,39,22,17,1119.0,551,187,443,42.2,72,196,36.7,105,121,86.8,8,72,80,139,74,44,10,55,944,1,0,5,,,,,,,,,,,,,,,,,,,,,,,,,,
190,C.J. Watson,BKN,29,80,47,33,1521.3,543,192,459,41.8,88,214,41.1,71,91,78.0,38,107,145,161,69,66,12,123,1124,0,0,23,,,,,,,,,,,,,,,,,,,,,,,,,,
191,Brandan Wright,DAL,25,64,33,31,1148.8,541,241,404,59.7,0,3,0.0,59,96,61.5,85,175,260,38,34,26,76,78,1182,1,0,100,,,,,,,,,,,,,,,,,,,,,,,,,,
192,Beno Udrih,ORL,30,66,24,42,1456.6,538,210,476,44.1,34,102,33.3,84,103,81.6,34,107,141,302,108,41,3,90,1184,3,0,-151,,,,,,,,,,,,,,,,,,,,,,,,,,
193,Steve Novak,NYK,30,81,53,28,1640.7,535,178,430,41.4,149,351,42.5,30,33,90.9,17,135,152,35,12,28,8,97,866,0,0,245,,,,,,,,,,,,,,,,,,,,,,,,,,
194,Toney Douglas,SAC,27,71,36,35,1288.0,534,188,466,40.3,82,216,38.0,76,84,90.5,34,104,138,151,81,71,3,145,1067,0,0,105,,,,,,,,,,,,,,,,,,,,,,,,,,
195,Gerald Wallace,BKN,30,69,41,28,2075.7,531,182,458,39.7,46,163,28.2,121,190,63.7,69,250,319,181,110,97,46,118,1504,3,0,141,,,,,,,,,,,,,,,,,,,,,,,,,,
196,Trevor Ariza,WAS,28,56,25,31,1470.7,530,188,451,41.7,76,209,36.4,78,95,82.1,44,222,266,113,84,72,20,72,1211,2,0,-46,,,,,,,,,,,,,,,,,,,,,,,,,,
197,Marvin Williams,UTA,27,73,40,33,1727.2,529,199,470,42.3,54,166,32.5,77,99,77.8,55,208,263,77,60,37,38,98,1125,2,0,-96,,,,,,,,,,,,,,,,,,,,,,,,,,
198,Rajon Rondo,BOS,27,38,18,20,1422.8,522,225,465,48.4,12,50,24.0,60,93,64.5,43,169,212,420,148,70,9,96,1495,20,5,-57,,,,,,,,,,,,,,,,,,,,,,,,,,
199,Elton Brand,DAL,34,72,35,37,1527.0,518,226,478,47.3,0,1,0.0,66,93,71.0,130,300,430,70,57,50,90,192,1502,8,0,-60,,,,,,,,,,,,,,,,,,,,,,,,,,
200,Taj Gibson,CHI,28,65,38,27,1459.4,517,214,441,48.5,0,4,0.0,89,131,67.9,125,220,345,61,76,27,90,166,1298,5,0,112,,,,,,,,,,,,,,,,,,,,,,,,,,
201,Glen Davis,ORL,27,34,13,21,1064.3,512,214,478,44.8,0,2,0.0,84,117,71.8,55,191,246,70,64,32,21,88,1007,10,0,-26,,,,,,,,,,,,,,,,,,,,,,,,,,
202,Enes Freedom,UTA,21,70,35,35,1077.7,506,206,379,54.4,1,1,100.0,93,117,79.5,135,169,304,31,101,28,32,116,996,2,0,116,,,,,,,,,,,,,,,,,,,,,,,,,,
202,P.J. Tucker,PHX,28,79,25,54,1910.4,506,210,444,47.3,22,70,31.4,64,86,74.4,132,218,350,109,67,62,19,145,1266,3,0,-171,,,,,,,,,,,,,,,,,,,,,,,,,,
204,Jason Maxiell,DET,30,72,24,48,1788.8,498,204,457,44.6,0,0,0.0,90,145,62.1,135,274,409,54,81,32,95,172,1370,5,0,-187,,,,,,,,,,,,,,,,,,,,,,,,,,
205,Jimmer Fredette,SAC,24,69,25,44,966.5,494,172,409,42.1,65,156,41.7,85,99,85.9,19,52,71,92,68,31,3,64,751,0,0,-81,,,,,,,,,,,,,,,,,,,,,,,,,,
206,Richard Hamilton,CHI,35,50,28,22,1087.9,490,204,475,42.9,16,52,30.8,66,77,85.7,16,67,83,119,84,24,5,93,771,0,0,-33,,,,,,,,,,,,,,,,,,,,,,,,,,
207,Chris Copeland,NYK,29,56,38,18,861.6,486,182,380,47.9,59,140,42.1,63,83,75.9,34,85,119,27,50,16,12,104,703,0,0,56,,,,,,,,,,,,,,,,,,,,,,,,,,
208,Andre Drummond,DET,19,60,23,37,1242.7,476,208,342,60.8,1,2,50.0,59,159,37.1,169,288,457,30,57,59,95,144,1474,9,0,-50,,,,,,,,,,,,,,,,,,,,,,,,,,
209,Jeffery Taylor,CHA,24,77,18,59,1507.4,472,172,399,43.1,53,154,34.4,75,103,72.8,51,99,150,63,48,47,15,136,885,0,0,-272,,,,,,,,,,,,,,,,,,,,,,,,,,
209,Shane Battier,MIA,34,72,59,13,1786.3,472,152,362,42.0,136,316,43.0,32,38,84.2,37,128,165,72,34,41,55,149,1032,0,0,339,,,,,,,,,,,,,,,,,,,,,,,,,,
211,Charlie Villanueva,DET,28,69,26,43,1091.9,467,175,464,37.7,90,259,34.7,27,49,55.1,49,192,241,54,39,31,39,96,1008,2,0,-90,,,,,,,,,,,,,,,,,,,,,,,,,,
211,Terrence Ross,TOR,22,73,29,44,1239.3,467,186,457,40.7,65,196,33.2,30,42,71.4,35,109,144,53,48,43,14,122,842,0,0,-68,,,,,,,,,,,,,,,,,,,,,,,,,,
213,Avery Bradley,BOS,22,50,27,23,1434.6,461,192,478,40.2,40,126,31.7,37,49,75.5,30,81,111,104,72,64,19,129,927,0,0,-44,,,,,,,,,,,,,,,,,,,,,,,,,,
214,Kirk Hinrich,CHI,32,60,38,22,1764.4,459,159,422,37.7,71,182,39.0,70,98,71.4,16,142,158,314,99,63,25,192,1285,1,0,98,,,,,,,,,,,,,,,,,,,,,,,,,,
215,Jason Kidd,NYK,40,76,49,27,2042.6,458,152,409,37.2,114,325,35.1,40,48,83.3,50,273,323,249,76,125,25,125,1593,0,0,188,,,,,,,,,,,,,,,,,,,,,,,,,,
216,Lavoy Allen,PHI,24,79,34,45,1668.7,455,206,454,45.4,0,1,0.0,43,60,71.7,159,236,395,73,55,24,55,180,1221,3,0,-102,,,,,,,,,,,,,,,,,,,,,,,,,,
217,Jermaine O'Neal,PHX,34,55,17,38,1028.7,454,179,371,48.2,0,0,0.0,96,115,83.5,82,211,293,42,73,19,78,126,1087,5,0,-132,,,,,,,,,,,,,,,,,,,,,,,,,,
218,Ivan Johnson,ATL,29,69,35,34,1034.9,452,185,356,52.0,1,13,7.7,81,131,61.8,76,190,266,46,71,56,14,131,979,3,0,-22,,,,,,,,,,,,,,,,,,,,,,,,,,
219,Alec Burks,UTA,21,64,32,32,1136.6,451,163,388,42.0,33,92,35.9,92,129,71.3,37,108,145,92,74,35,13,114,833,0,0,99,,,,,,,,,,,,,,,,,,,,,,,,,,
220,Willie Green,LAC,31,72,48,24,1187.8,450,178,386,46.1,71,166,42.8,23,32,71.9,17,80,97,55,31,29,12,96,741,0,0,90,,,,,,,,,,,,,,,,,,,,,,,,,,
221,Norris Cole,MIA,24,80,65,15,1590.2,445,179,425,42.1,35,98,35.7,52,80,65.0,18,112,130,164,104,57,7,155,935,1,0,7,,,,,,,,,,,,,,,,,,,,,,,,,,
222,Andrea Bargnani,TOR,27,35,10,25,1002.5,443,170,426,39.9,38,123,30.9,65,77,84.4,26,102,128,38,54,21,23,64,732,0,0,-113,,,,,,,,,,,,,,,,,,,,,,,,,,
223,AJ Price,WAS,26,57,21,36,1278.0,441,161,413,39.0,70,200,35.0,49,62,79.0,20,94,114,205,64,33,3,73,929,1,0,-65,,,,,,,,,,,,,,,,,,,,,,,,,,
224,Boris Diaw,SAS,31,75,55,20,1708.8,435,179,332,53.9,30,78,38.5,47,65,72.3,66,188,254,180,84,52,27,143,1163,0,0,154,,,,,,,,,,,,,,,,,,,,,,,,,,
225,Earl Clark,LAL,25,59,37,22,1363.1,428,170,386,44.0,35,104,33.7,53,76,69.7,82,243,325,65,62,36,44,102,1094,11,0,-81,,,,,,,,,,,,,,,,,,,,,,,,,,
226,Gerald Green,IND,27,60,37,23,1080.4,421,155,424,36.6,59,188,31.4,52,65,80.0,31,110,141,50,53,19,23,64,738,0,0,-8,,,,,,,,,,,,,,,,,,,,,,,,,,
226,Greg Smith,HOU,22,70,41,29,1110.3,421,170,274,62.0,0,1,0.0,81,130,62.3,111,210,321,25,41,18,40,175,977,2,0,118,,,,,,,,,,,,,,,,,,,,,,,,,,
228,Jason Smith,NOH,27,51,19,32,875.6,420,167,341,49.0,0,4,0.0,86,102,84.3,64,122,186,34,55,15,45,123,819,1,0,-70,,,,,,,,,,,,,,,,,,,,,,,,,,
229,Shaun Livingston,CLE,27,66,20,46,1454.8,417,166,346,48.0,0,4,0.0,85,98,86.7,31,127,158,215,76,48,31,127,1090,0,0,-120,,,,,,,,,,,,,,,,,,,,,,,,,,
230,Amar'e Stoudemire,NYK,30,29,16,13,681.9,413,154,267,57.7,0,0,0.0,105,130,80.8,60,85,145,13,50,10,21,89,650,0,0,26,,,,,,,,,,,,,,,,,,,,,,,,,,
231,Nick Collison,OKC,32,81,60,21,1582.9,412,176,296,59.5,0,4,0.0,60,78,76.9,123,210,333,121,69,51,30,197,1167,1,0,368,,,,,,,,,,,,,,,,,,,,,,,,,,
232,Ian Mahinmi,IND,26,80,49,31,1322.1,402,149,329,45.3,0,2,0.0,104,171,60.8,115,196,311,27,92,39,66,201,1039,0,0,-137,,,,,,,,,,,,,,,,,,,,,,,,,,
233,Josh McRoberts,CHA,26,67,19,48,1487.4,401,156,343,45.5,24,84,28.6,65,85,76.5,93,232,325,141,66,32,27,131,1114,3,0,-245,,,,,,,,,,,,,,,,,,,,,,,,,,
234,Wesley Johnson,PHX,25,50,14,36,952.6,399,161,396,40.7,50,155,32.3,27,35,77.1,21,102,123,34,48,22,18,56,670,0,0,-231,,,,,,,,,,,,,,,,,,,,,,,,,,
235,MarShon Brooks,BKN,24,73,41,32,911.8,394,155,335,46.3,15,55,27.3,69,94,73.4,32,72,104,76,69,34,16,93,714,0,0,-57,,,,,,,,,,,,,,,,,,,,,,,,,,
236,DeMarre Carroll,UTA,26,66,34,32,1110.8,393,149,324,46.0,20,70,28.6,75,98,76.5,87,101,188,61,34,58,24,119,922,0,0,117,,,,,,,,,,,,,,,,,,,,,,,,,,
237,Jae Crowder,DAL,22,78,41,37,1353.2,392,141,367,38.4,63,192,32.8,47,73,64.4,35,152,187,94,49,63,17,128,948,0,0,-32,,,,,,,,,,,,,,,,,,,,,,,,,,
238,Damien Wilkins,PHI,33,61,22,39,1095.1,388,145,316,45.9,17,51,33.3,81,109,74.3,32,73,105,91,49,37,18,98,767,0,0,-137,,,,,,,,,,,,,,,,,,,,,,,,,,
239,Luc Mbah a Moute,MIL,26,58,28,30,1326.2,387,151,377,40.1,13,37,35.1,72,126,57.1,89,167,256,55,70,42,14,82,875,1,0,-85,,,,,,,,,,,,,,,,,,,,,,,,,,
240,Bismack Biyombo,CHA,20,80,20,60,2186.2,386,156,346,45.1,0,0,0.0,74,142,52.1,194,388,582,35,82,28,143,195,1568,7,0,-371,,,,,,,,,,,,,,,,,,,,,,,,,,
241,John Henson,MIL,22,63,27,36,827.1,380,162,336,48.2,0,3,0.0,56,105,53.3,116,181,297,31,47,19,42,83,919,6,0,-37,,,,,,,,,,,,,,,,,,,,,,,,,,
242,Austin Rivers,NOH,20,61,21,40,1417.5,377,145,390,37.2,28,86,32.6,59,108,54.6,16,93,109,127,74,26,9,122,729,0,0,-158,,,,,,,,,,,,,,,,,,,,,,,,,,
242,Jonas Jerebko,DET,26,49,13,36,891.6,377,142,316,44.9,25,83,30.1,68,88,77.3,68,117,185,43,42,38,8,90,760,0,0,-81,,,,,,,,,,,,,,,,,,,,,,,,,,
242,Meyers Leonard,POR,21,69,28,41,1206.3,377,151,277,54.5,3,7,42.9,72,89,80.9,80,175,255,33,49,11,38,168,831,1,0,-152,,,,,,,,,,,,,,,,,,,,,,,,,,
245,Aaron Brooks,HOU,28,53,20,33,996.8,376,143,316,45.3,50,134,37.3,40,52,76.9,13,67,80,114,67,30,10,94,696,0,0,-201,,,,,,,,,,,,,,,,,,,,,,,,,,
246,Kris Humphries,BKN,28,65,36,29,1191.2,375,139,310,44.8,0,2,0.0,97,123,78.9,126,239,365,32,57,16,33,127,951,6,0,-93,,,,,,,,,,,,,,,,,,,,,,,,,,
246,Quincy Pondexter,MEM,25,59,43,16,1243.2,375,128,299,42.8,60,152,39.5,59,75,78.7,43,89,132,61,42,35,6,95,706,0,0,53,,,,,,,,,,,,,,,,,,,,,,,,,,
248,John Jenkins,ATL,22,61,30,31,901.8,374,131,294,44.6,53,138,38.4,59,70,84.3,17,77,94,56,40,12,10,37,597,0,0,-124,,,,,,,,,,,,,,,,,,,,,,,,,,
248,Reggie Jackson,OKC,23,70,50,20,992.6,374,149,325,45.8,24,104,23.1,52,62,83.9,21,145,166,122,53,29,13,84,829,0,0,105,,,,,,,,,,,,,,,,,,,,,,,,,,
250,Roger Mason Jr.,NOH,32,69,20,49,1218.5,369,132,305,43.3,66,159,41.5,39,43,90.7,11,121,132,74,51,26,11,104,698,0,0,1,,,,,,,,,,,,,,,,,,,,,,,,,,
251,Reggie Evans,BKN,33,80,48,32,1967.2,363,125,261,47.9,0,0,0.0,113,222,50.9,260,628,888,43,111,74,13,199,1643,8,0,119,,,,,,,,,,,,,,,,,,,,,,,,,,
252,Darrell Arthur,MEM,25,59,37,22,970.0,362,162,359,45.1,5,18,27.8,33,46,71.7,68,101,169,33,43,24,33,126,742,0,0,-102,,,,,,,,,,,,,,,,,,,,,,,,,,
253,D.J. Augustin,IND,25,76,45,31,1226.4,356,103,294,35.0,67,190,35.3,83,99,83.8,20,71,91,170,68,34,3,64,763,0,0,-37,,,,,,,,,,,,,,,,,,,,,,,,,,
254,Anderson Varejao,CLE,30,25,5,20,900.9,353,138,289,47.8,0,5,0.0,77,102,75.5,138,223,361,84,44,37,14,68,1021,16,0,-75,,,,,,,,,,,,,,,,,,,,,,,,,,
255,Jason Richardson,PHI,32,33,13,20,936.5,347,135,336,40.2,57,167,34.1,20,33,60.6,19,108,127,51,26,40,15,57,715,0,0,-11,,,,,,,,,,,,,,,,,,,,,,,,,,
256,Stephen Jackson,SAS,35,55,40,15,1075.1,341,123,330,37.3,46,170,27.1,49,70,70.0,22,133,155,80,77,37,14,89,723,1,0,97,,,,,,,,,,,,,,,,,,,,,,,,,,
257,John Lucas III,TOR,30,63,26,37,827.1,333,129,334,38.6,57,151,37.7,18,25,72.0,8,57,65,105,26,23,1,50,615,0,0,-93,,,,,,,,,,,,,,,,,,,,,,,,,,
257,Thomas Robinson,HOU,22,70,30,40,1055.7,333,138,321,43.0,0,1,0.0,57,109,52.3,122,193,315,46,88,41,26,124,893,3,0,-147,,,,,,,,,,,,,,,,,,,,,,,,,,
259,Sebastian Telfair,TOR,28,59,21,38,980.1,331,112,309,36.2,53,150,35.3,54,69,78.3,13,71,84,153,64,37,11,104,741,0,0,-32,,,,,,,,,,,,,,,,,,,,,,,,,,
260,Kendrick Perkins,OKC,28,78,58,20,1954.3,330,143,313,45.7,0,1,0.0,44,72,61.1,110,356,466,111,109,43,83,227,1325,0,0,404,,,,,,,,,,,,,,,,,,,,,,,,,,
260,Kevin Love,MIN,24,18,9,9,618.0,330,105,298,35.2,20,92,21.7,100,142,70.4,64,188,252,42,39,13,9,34,722,14,0,2,,,,,,,,,,,,,,,,,,,,,,,,,,
260,Lamar Odom,LAC,33,82,56,26,1616.0,330,146,366,39.9,18,90,20.0,20,42,47.6,117,363,480,142,86,69,58,214,1414,0,0,295,,,,,,,,,,,,,,,,,,,,,,,,,,
263,DeJuan Blair,SAS,24,61,44,17,851.0,328,142,271,52.4,0,1,0.0,44,70,62.9,66,164,230,45,49,37,10,112,764,1,0,-23,,,,,,,,,,,,,,,,,,,,,,,,,,
264,Steve Blake,LAL,33,45,29,16,1174.8,327,114,270,42.2,72,171,42.1,27,35,77.1,21,111,132,173,62,34,6,83,803,0,0,29,,,,,,,,,,,,,,,,,,,,,,,,,,
265,Marquis Daniels,MIL,32,59,27,32,1085.1,324,132,351,37.6,20,72,27.8,40,54,74.1,48,102,150,65,45,51,10,77,740,0,0,-101,,,,,,,,,,,,,,,,,,,,,,,,,,
266,Ekpe Udoh,MIL,26,76,36,40,1312.2,323,117,269,43.5,0,1,0.0,89,119,74.8,113,138,251,43,43,39,85,139,1018,1,0,-52,,,,,,,,,,,,,,,,,,,,,,,,,,
267,Francisco Garcia,HOU,31,58,24,34,1029.4,321,118,300,39.3,67,179,37.4,18,21,85.7,8,83,91,63,32,46,38,88,745,0,0,-53,,,,,,,,,,,,,,,,,,,,,,,,,,
268,Samuel Dalembert,MIL,33,47,22,25,764.7,313,137,253,54.2,1,1,100.0,38,55,69.1,105,171,276,21,51,17,53,90,835,8,0,-109,,,,,,,,,,,,,,,,,,,,,,,,,,
269,Keith Bogans,BKN,33,74,44,30,1408.0,311,108,284,38.0,84,245,34.3,11,17,64.7,16,104,120,76,49,28,4,108,616,0,0,-34,,,,,,,,,,,,,,,,,,,,,,,,,,
270,Greg Stiemsma,MIN,27,76,28,48,1209.3,307,127,278,45.7,0,0,0.0,53,69,76.8,61,200,261,30,59,44,90,184,1008,1,0,-87,,,,,,,,,,,,,,,,,,,,,,,,,,
271,Zaza Pachulia,ATL,29,52,29,23,1134.3,306,114,241,47.3,0,3,0.0,78,103,75.7,132,204,336,79,70,35,12,128,899,4,0,-26,,,,,,,,,,,,,,,,,,,,,,,,,,
272,Iman Shumpert,NYK,23,45,30,15,996.3,305,109,275,39.6,51,127,40.2,36,47,76.6,31,105,136,75,37,43,7,99,694,0,0,-16,,,,,,,,,,,,,,,,,,,,,,,,,,
273,Will Barton,POR,22,73,27,46,893.8,295,118,309,38.2,9,65,13.8,50,65,76.9,36,109,145,58,60,34,9,56,625,1,0,-205,,,,,,,,,,,,,,,,,,,,,,,,,,
274,Patty Mills,SAS,24,58,39,19,656.4,294,113,241,46.9,52,130,40.0,16,19,84.2,9,41,50,62,39,26,4,55,498,0,0,35,,,,,,,,,,,,,,,,,,,,,,,,,,
275,Eric Maynor,POR,26,64,40,24,962.7,291,106,281,37.7,34,96,35.4,45,62,72.6,9,37,46,182,79,22,1,55,609,0,0,-72,,,,,,,,,,,,,,,,,,,,,,,,,,
276,Udonis Haslem,MIA,33,75,60,15,1413.8,290,129,251,51.4,0,0,0.0,32,45,71.1,97,307,404,38,45,30,15,173,922,1,0,272,,,,,,,,,,,,,,,,,,,,,,,,,,
277,Matt Bonner,SAS,33,68,47,21,908.6,288,112,230,48.7,53,120,44.2,11,15,73.3,25,104,129,36,16,17,19,86,589,1,0,79,,,,,,,,,,,,,,,,,,,,,,,,,,
278,Rashard Lewis,MIA,33,55,47,8,792.0,285,103,249,41.4,51,131,38.9,28,45,62.2,19,102,121,30,33,21,14,67,547,0,0,-19,,,,,,,,,,,,,,,,,,,,,,,,,,
279,DeShawn Stevenson,ATL,32,56,30,26,1157.8,284,98,262,37.4,76,209,36.4,12,23,52.2,18,104,122,52,23,29,6,69,590,0,0,-54,,,,,,,,,,,,,,,,,,,,,,,,,,
280,Mike Miller,MIA,33,59,47,12,899.6,281,100,231,43.3,73,175,41.7,8,11,72.7,18,139,157,99,35,21,4,63,658,0,0,55,,,,,,,,,,,,,,,,,,,,,,,,,,
281,James Johnson,SAC,26,54,17,37,878.4,276,117,283,41.3,2,21,9.5,40,67,59.7,49,96,145,58,68,41,50,99,742,0,0,-279,,,,,,,,,,,,,,,,,,,,,,,,,,
281,Nando De Colo,SAS,26,72,50,22,920.3,276,105,241,43.6,31,82,37.8,35,44,79.5,23,115,138,138,81,41,6,87,709,0,0,-38,,,,,,,,,,,,,,,,,,,,,,,,,,
283,Pablo Prigioni,NYK,36,78,53,25,1263.1,275,100,220,45.5,53,134,39.6,22,25,88.0,41,102,143,236,86,69,2,127,928,0,0,172,,,,,,,,,,,,,,,,,,,,,,,,,,
284,Mike James,DAL,38,45,27,18,861.8,273,101,271,37.3,48,125,38.4,23,29,79.3,9,63,72,139,55,26,3,95,600,0,0,30,,,,,,,,,,,,,,,,,,,,,,,,,,
285,Cartier Martin,WAS,28,41,8,33,693.9,270,96,252,38.1,58,146,39.7,20,28,71.4,11,89,100,20,32,19,6,58,463,0,0,-47,,,,,,,,,,,,,,,,,,,,,,,,,,
285,Jared Sullinger,BOS,21,45,22,23,891.5,270,111,225,49.3,1,5,20.0,47,63,74.6,92,172,264,35,29,22,22,154,742,4,0,42,,,,,,,,,,,,,,,,,,,,,,,,,,
287,Jeremy Pargo,PHI,27,39,9,30,655.1,265,99,250,39.6,25,74,33.8,42,62,67.7,8,41,49,92,50,13,2,46,457,0,0,-109,,,,,,,,,,,,,,,,,,,,,,,,,,
288,Dahntay Jones,ATL,32,78,35,43,1016.6,262,82,222,36.9,11,49,22.4,87,113,77.0,24,77,101,48,38,22,6,119,501,0,0,-99,,,,,,,,,,,,,,,,,,,,,,,,,,
288,Garrett Temple,WAS,27,51,24,27,1155.6,262,105,258,40.7,26,80,32.5,26,37,70.3,29,94,123,115,61,50,17,94,722,0,0,-22,,,,,,,,,,,,,,,,,,,,,,,,,,
290,Chris Wilcox,BOS,30,61,33,28,829.5,259,110,153,71.9,0,1,0.0,39,58,67.2,55,125,180,22,34,32,28,125,654,0,0,-46,,,,,,,,,,,,,,,,,,,,,,,,,,
291,Trevor Booker,WAS,25,48,18,30,886.9,256,108,220,49.1,0,5,0.0,40,72,55.6,98,141,239,40,31,32,16,95,716,3,0,-151,,,,,,,,,,,,,,,,,,,,,,,,,,
292,Anthony Tolliver,ATL,28,62,28,34,963.2,253,82,216,38.0,45,133,33.8,44,51,86.3,31,124,155,32,36,15,12,66,532,0,0,-63,,,,,,,,,,,,,,,,,,,,,,,,,,
293,Daniel Gibson,CLE,27,46,11,35,919.4,250,84,247,34.0,56,163,34.4,26,37,70.3,5,55,60,82,31,30,4,89,516,0,0,-204,,,,,,,,,,,,,,,,,,,,,,,,,,
293,Donatas Motiejunas,HOU,22,44,27,17,537.5,250,97,213,45.5,24,83,28.9,32,51,62.7,36,57,93,31,37,7,10,73,422,0,0,39,,,,,,,,,,,,,,,,,,,,,,,,,,
295,Austin Daye,MEM,25,55,34,21,675.6,247,90,208,43.3,41,98,41.8,26,34,76.5,16,107,123,42,29,14,22,82,537,0,0,22,,,,,,,,,,,,,,,,,,,,,,,,,,
296,Luke Babbitt,POR,24,62,24,38,730.4,244,86,234,36.8,62,178,34.8,10,13,76.9,15,122,137,29,22,14,5,82,487,0,0,-2,,,,,,,,,,,,,,,,,,,,,,,,,,
297,Landry Fields,TOR,25,51,21,30,1036.7,240,102,223,45.7,2,14,14.3,34,53,64.2,59,149,208,60,42,32,8,63,658,2,0,-28,,,,,,,,,,,,,,,,,,,,,,,,,,
298,DeQuan Jones,ORL,23,63,14,49,803.0,233,95,218,43.6,9,35,25.7,34,51,66.7,17,88,105,16,30,19,22,55,476,0,0,-179,,,,,,,,,,,,,,,,,,,,,,,,,,
299,Kyle O'Quinn,ORL,23,57,11,46,637.9,232,101,197,51.3,0,1,0.0,30,45,66.7,65,144,209,52,37,11,26,107,635,2,0,-55,,,,,,,,,,,,,,,,,,,,,,,,,,
300,Chris Singleton,WAS,23,57,17,40,924.0,231,92,241,38.2,7,36,19.4,40,70,57.1,51,133,184,37,45,38,24,124,648,1,0,-90,,,,,,,,,,,,,,,,,,,,,,,,,,
301,Jamaal Tinsley,UTA,35,66,39,27,1220.5,229,86,234,36.8,39,127,30.7,18,26,69.2,17,98,115,290,106,64,14,106,930,0,0,5,,,,,,,,,,,,,,,,,,,,,,,,,,
302,Patrick Beverley,HOU,24,41,23,18,712.6,228,79,189,41.8,36,96,37.5,34,41,82.9,45,64,109,117,44,37,21,83,664,0,0,120,,,,,,,,,,,,,,,,,,,,,,,,,,
303,Draymond Green,GSW,23,79,45,34,1060.9,227,84,257,32.7,14,67,20.9,45,55,81.8,58,202,260,53,51,42,25,159,769,0,0,-79,,,,,,,,,,,,,,,,,,,,,,,,,,
304,Brendan Haywood,CHA,33,61,15,46,1162.1,216,93,216,43.1,0,1,0.0,30,66,45.5,125,165,290,29,50,16,49,125,753,1,0,-175,,,,,,,,,,,,,,,,,,,,,,,,,,
304,Chase Budinger,MIN,25,23,12,11,507.6,216,79,191,41.4,26,81,32.1,32,42,76.2,15,56,71,25,23,14,7,29,379,0,0,21,,,,,,,,,,,,,,,,,,,,,,,,,,
306,Leandro Barbosa,BOS,30,41,23,18,512.8,215,83,193,43.0,18,47,38.3,31,41,75.6,8,38,46,58,21,17,6,51,405,0,0,-17,,,,,,,,,,,,,,,,,,,,,,,,,,
307,Jeff Adrien,CHA,27,52,13,39,713.0,209,72,168,42.9,0,2,0.0,65,100,65.0,68,128,196,36,32,18,27,80,601,1,0,-93,,,,,,,,,,,,,,,,,,,,,,,,,,
308,Jordan Hamilton,DEN,22,40,26,14,396.6,208,84,201,41.8,27,73,37.0,13,26,50.0,32,63,95,23,19,15,8,24,407,0,0,-25,,,,,,,,,,,,,,,,,,,,,,,,,,
309,Chris Andersen,MIA,34,42,39,3,624.5,207,71,123,57.7,2,3,66.7,63,93,67.7,57,115,172,17,24,16,44,89,595,0,0,96,,,,,,,,,,,,,,,,,,,,,,,,,,
309,Jannero Pargo,CHA,33,32,11,21,507.4,207,78,212,36.8,39,116,33.6,12,13,92.3,10,25,35,67,41,18,3,42,372,0,0,-85,,,,,,,,,,,,,,,,,,,,,,,,,,
311,Ryan Hollins,LAC,28,60,43,17,663.2,206,70,114,61.4,0,0,0.0,66,88,75.0,50,89,139,11,44,6,34,133,465,0,0,58,,,,,,,,,,,,,,,,,,,,,,,,,,
312,Gustavo Ayon,MIL,28,55,17,38,734.7,204,92,167,55.1,0,0,0.0,20,50,40.0,60,139,199,71,47,22,17,107,619,2,0,-6,,,,,,,,,,,,,,,,,,,,,,,,,,
313,Orlando Johnson,IND,24,51,31,20,618.7,203,72,180,40.0,36,94,38.3,23,32,71.9,20,90,110,47,29,11,9,51,437,0,0,-5,,,,,,,,,,,,,,,,,,,,,,,,,,
314,Evan Fournier,DEN,20,38,25,13,428.3,202,75,152,49.3,22,54,40.7,30,39,76.9,6,29,35,44,32,19,1,65,338,0,0,59,,,,,,,,,,,,,,,,,,,,,,,,,,
315,Travis Outlaw,SAC,28,38,7,31,443.8,200,74,177,41.8,14,50,28.0,38,52,73.1,17,44,61,21,19,11,8,35,343,0,0,-35,,,,,,,,,,,,,,,,,,,,,,,,,,
316,Chuck Hayes,SAC,30,74,27,47,1208.9,198,84,190,44.2,0,1,0.0,30,48,62.5,113,186,299,112,44,31,18,114,828,0,0,-28,,,,,,,,,,,,,,,,,,,,,,,,,,
317,Darius Morris,LAL,22,48,23,25,682.7,194,73,188,38.8,24,66,36.4,24,37,64.9,24,33,57,76,45,21,2,58,400,0,0,-15,,,,,,,,,,,,,,,,,,,,,,,,,,
317,Hakim Warrick,CHA,30,28,6,22,488.9,194,67,165,40.6,0,3,0.0,60,88,68.2,21,68,89,25,29,13,6,37,366,1,0,-135,,,,,,,,,,,,,,,,,,,,,,,,,,
317,Jordan Hill,LAL,25,29,12,17,458.0,194,77,155,49.7,0,2,0.0,40,61,65.6,82,84,166,13,26,8,19,55,468,0,0,-32,,,,,,,,,,,,,,,,,,,,,,,,,,
317,Xavier Henry,NOH,22,50,16,34,625.1,194,66,161,41.0,4,11,36.4,58,92,63.0,21,69,90,13,31,16,5,72,354,0,0,-143,,,,,,,,,,,,,,,,,,,,,,,,,,
321,Festus Ezeli,GSW,23,78,44,34,1120.1,191,74,169,43.8,0,0,0.0,43,81,53.1,141,172,313,22,63,23,74,157,828,0,0,-51,,,,,,,,,,,,,,,,,,,,,,,,,,
322,Mirza Teletovic,BKN,27,53,28,25,499.4,188,71,185,38.4,37,108,34.3,9,11,81.8,33,62,95,23,20,13,8,53,380,0,0,-20,,,,,,,,,,,,,,,,,,,,,,,,,,
323,Victor Claver,POR,24,49,19,30,812.1,187,74,189,39.2,25,87,28.7,14,30,46.7,31,88,119,43,43,26,12,75,465,0,0,-108,,,,,,,,,,,,,,,,,,,,,,,,,,
324,Andrew Bogut,GSW,28,32,19,13,785.7,186,83,184,45.1,1,1,100.0,19,38,50.0,68,177,245,67,35,20,55,85,771,1,0,37,,,,,,,,,,,,,,,,,,,,,,,,,,
325,Chauncey Billups,LAC,36,22,16,6,418.3,184,53,132,40.2,33,90,36.7,45,48,93.8,2,30,32,49,26,12,1,25,309,0,0,46,,,,,,,,,,,,,,,,,,,,,,,,,,
326,Mike Scott,ATL,24,40,19,21,375.7,183,70,147,47.6,0,1,0.0,43,56,76.8,39,71,110,12,21,4,2,32,330,2,0,-44,,,,,,,,,,,,,,,,,,,,,,,,,,
327,Jerry Stackhouse,BKN,38,37,24,13,543.7,182,66,172,38.4,30,89,33.7,20,23,87.0,5,28,33,35,24,7,4,31,283,0,0,27,,,,,,,,,,,,,,,,,,,,,,,,,,
328,Mickael Gelabale,MIN,30,36,10,26,644.0,181,72,139,51.8,16,52,30.8,21,24,87.5,32,67,99,26,16,16,4,47,383,0,0,-67,,,,,,,,,,,,,,,,,,,,,,,,,,
328,Rodrigue Beaubois,DAL,25,45,17,28,549.3,181,65,176,36.9,21,72,29.2,30,38,78.9,9,48,57,84,33,19,4,54,411,0,0,37,,,,,,,,,,,,,,,,,,,,,,,,,,
330,Ronnie Brewer,OKC,28,60,43,17,852.3,179,70,198,35.4,23,76,30.3,16,39,41.0,42,98,140,50,18,43,6,33,551,1,0,1,,,,,,,,,,,,,,,,,,,,,,,,,,
331,Richard Jefferson,GSW,33,56,30,26,568.4,176,62,136,45.6,14,45,31.1,38,53,71.7,5,79,84,31,23,14,7,45,363,0,0,13,,,,,,,,,,,,,,,,,,,,,,,,,,
332,Derek Fisher,OKC,38,33,22,11,574.7,175,55,161,34.2,30,80,37.5,35,38,92.1,2,35,37,47,30,19,3,55,326,0,0,65,,,,,,,,,,,,,,,,,,,,,,,,,,
333,Arnett Moultrie,PHI,22,47,20,27,541.7,174,78,134,58.2,0,0,0.0,18,28,64.3,76,69,145,10,19,17,10,43,425,1,0,-84,,,,,,,,,,,,,,,,,,,,,,,,,,
334,Omri Casspi,CLE,25,43,10,33,502.7,173,63,160,39.4,25,76,32.9,22,41,53.7,20,94,114,28,22,25,12,45,441,0,0,-47,,,,,,,,,,,,,,,,,,,,,,,,,,
335,Luke Walton,CLE,33,50,16,34,857.2,172,71,181,39.2,20,67,29.9,10,20,50.0,38,107,145,166,60,42,13,98,700,0,0,-55,,,,,,,,,,,,,,,,,,,,,,,,,,
336,Royal Ivey,PHI,31,53,20,33,698.4,170,62,144,43.1,37,88,42.0,9,16,56.3,16,41,57,32,20,23,3,73,344,0,0,-90,,,,,,,,,,,,,,,,,,,,,,,,,,
337,Nazr Mohammed,CHI,35,63,33,30,692.9,166,66,180,36.7,0,2,0.0,34,47,72.3,73,122,195,26,24,21,32,97,574,2,0,-10,,,,,,,,,,,,,,,,,,,,,,,,,,
338,Khris Middleton,DET,21,27,9,18,475.4,165,62,141,44.0,14,45,31.1,27,32,84.4,4,46,50,28,11,15,4,53,313,0,0,26,,,,,,,,,,,,,,,,,,,,,,,,,,
339,Anthony Morrow,DAL,27,41,25,16,383.0,164,64,145,44.1,16,43,37.2,20,22,90.9,11,19,30,13,8,13,1,43,254,0,0,-56,,,,,,,,,,,,,,,,,,,,,,,,,,
340,Hasheem Thabeet,OKC,26,66,50,16,769.9,160,64,106,60.4,0,0,0.0,32,53,60.4,69,126,195,11,41,30,60,148,640,1,0,137,,,,,,,,,,,,,,,,,,,,,,,,,,
341,Sam Young,IND,28,56,36,20,692.9,155,58,148,39.2,16,52,30.8,23,43,53.5,26,97,123,42,33,15,8,62,402,0,0,-86,,,,,,,,,,,,,,,,,,,,,,,,,,
342,Doron Lamb,ORL,21,47,16,31,577.8,154,60,163,36.8,14,37,37.8,20,34,58.8,8,38,46,32,26,13,0,52,270,0,0,-83,,,,,,,,,,,,,,,,,,,,,,,,,,
343,James Anderson,HOU,24,39,26,13,401.2,149,52,126,41.3,21,60,35.0,24,28,85.7,18,54,72,42,25,15,5,25,333,0,0,95,,,,,,,,,,,,,,,,,,,,,,,,,,
343,Lance Thomas,NOH,25,59,19,40,646.2,149,53,106,50.0,0,0,0.0,43,59,72.9,44,71,115,17,14,11,7,78,353,0,0,-54,,,,,,,,,,,,,,,,,,,,,,,,,,
345,Linas Kleiza,TOR,28,20,9,11,376.0,148,48,144,33.3,20,66,30.3,32,38,84.2,10,42,52,16,14,4,2,45,238,0,0,-44,,,,,,,,,,,,,,,,,,,,,,,,,,
346,Rasheed Wallace,NYK,38,21,16,5,296.0,146,55,142,38.7,22,69,31.9,14,20,70.0,11,72,83,6,10,13,15,40,329,0,0,6,,,,,,,,,,,,,,,,,,,,,,,,,,
346,Reggie Williams,CHA,26,40,7,33,380.0,146,57,132,43.2,22,72,30.6,10,21,47.6,8,43,51,39,19,12,1,19,286,0,0,-33,,,,,,,,,,,,,,,,,,,,,,,,,,
348,Jeff Ayres,IND,26,37,24,13,369.1,145,61,126,48.4,2,4,50.0,21,23,91.3,29,75,104,15,23,6,12,44,323,1,0,56,,,,,,,,,,,,,,,,,,,,,,,,,,
349,Anthony Randolph,DEN,23,39,29,10,328.9,143,56,114,49.1,0,8,0.0,31,45,68.9,29,66,95,12,37,19,21,41,358,1,0,4,,,,,,,,,,,,,,,,,,,,,,,,,,
349,Kendall Marshall,PHX,21,48,12,36,702.3,143,56,151,37.1,23,73,31.5,8,14,57.1,4,38,42,143,57,22,4,48,429,0,0,-185,,,,,,,,,,,,,,,,,,,,,,,,,,
349,Shelvin Mack,ATL,23,31,13,18,416.0,143,58,126,46.0,18,49,36.7,9,16,56.3,3,37,40,68,34,15,0,39,304,0,0,-32,,,,,,,,,,,,,,,,,,,,,,,,,,
352,Daequan Cook,CHI,26,49,25,24,440.8,137,51,167,30.5,26,91,28.6,9,12,75.0,7,54,61,19,15,8,7,26,269,0,0,-42,,,,,,,,,,,,,,,,,,,,,,,,,,
353,Joel Freeland,POR,26,51,15,36,477.3,134,58,142,40.8,0,0,0.0,18,27,66.7,40,79,119,13,19,13,11,67,349,0,0,-93,,,,,,,,,,,,,,,,,,,,,,,,,,
354,Chris Duhon,LAL,30,46,23,23,820.0,133,47,123,38.2,33,91,36.3,6,13,46.2,11,57,68,133,40,20,1,56,437,1,0,-8,,,,,,,,,,,,,,,,,,,,,,,,,,
355,Bernard James,DAL,28,46,24,22,457.0,131,53,103,51.5,0,2,0.0,25,41,61.0,52,79,131,6,18,12,38,64,429,0,0,-21,,,,,,,,,,,,,,,,,,,,,,,,,,
356,Kenyon Martin,NYK,35,18,13,5,431.3,129,56,93,60.2,0,0,0.0,17,40,42.5,34,61,95,8,16,16,17,64,338,1,0,59,,,,,,,,,,,,,,,,,,,,,,,,,,
357,Cory Joseph,SAS,21,28,19,9,387.9,126,51,110,46.4,6,21,28.6,18,21,85.7,12,40,52,53,21,15,4,25,304,0,0,-6,,,,,,,,,,,,,,,,,,,,,,,,,,
357,Jan Vesely,WAS,23,51,15,36,601.4,126,57,114,50.0,0,1,0.0,12,39,30.8,43,79,122,28,27,15,17,107,383,0,0,-43,,,,,,,,,,,,,,,,,,,,,,,,,,
359,James White,NYK,30,57,41,16,435.4,125,50,116,43.1,14,41,34.1,11,19,57.9,5,43,48,29,17,13,4,44,260,0,0,-84,,,,,,,,,,,,,,,,,,,,,,,,,,
359,Tyrus Thomas,CHA,26,26,9,17,359.9,125,48,136,35.3,3,8,37.5,26,31,83.9,16,44,60,19,17,14,15,51,296,0,0,-90,,,,,,,,,,,,,,,,,,,,,,,,,,
361,Ish Smith,MIL,24,52,14,38,516.1,123,56,159,35.2,8,27,29.6,3,7,42.9,12,49,61,87,37,21,9,26,380,0,0,-59,,,,,,,,,,,,,,,,,,,,,,,,,,
361,Kent Bazemore,GSW,23,61,34,27,266.8,123,43,116,37.1,10,34,29.4,27,44,61.4,5,17,22,22,18,17,4,27,227,0,0,-34,,,,,,,,,,,,,,,,,,,,,,,,,,
363,Ronny Turiaf,LAC,30,65,47,18,700.7,121,49,97,50.5,0,0,0.0,23,63,36.5,45,107,152,35,29,19,35,80,489,0,0,28,,,,,,,,,,,,,,,,,,,,,,,,,,
364,Aaron Gray,TOR,28,42,14,28,513.3,119,48,90,53.3,0,0,0.0,23,44,52.3,48,85,133,33,36,7,5,85,328,1,0,-87,,,,,,,,,,,,,,,,,,,,,,,,,,
364,Kim English,DET,24,41,13,28,406.6,119,42,112,37.5,14,50,28.0,21,29,72.4,8,29,37,26,19,16,3,46,240,0,0,-57,,,,,,,,,,,,,,,,,,,,,,,,,,
366,Darius Miller,NOH,23,52,14,38,694.0,118,44,108,40.7,22,56,39.3,8,8,100.0,8,70,78,44,23,17,12,89,342,0,0,-58,,,,,,,,,,,,,,,,,,,,,,,,,,
367,Chris Johnson,MIN,27,30,8,22,284.2,117,48,75,64.0,0,0,0.0,21,34,61.8,20,40,60,8,13,7,28,49,293,0,0,-24,,,,,,,,,,,,,,,,,,,,,,,,,,
368,Dominique Jones,DAL,24,29,9,20,337.6,116,40,109,36.7,1,9,11.1,35,53,66.0,18,27,45,83,38,14,2,29,305,0,0,-22,,,,,,,,,,,,,,,,,,,,,,,,,,
368,Quincy Acy,TOR,22,29,13,16,342.3,116,42,75,56.0,1,2,50.0,31,38,81.6,30,47,77,11,17,13,15,53,292,0,0,95,,,,,,,,,,,,,,,,,,,,,,,,,,
370,Charles Jenkins,PHI,24,59,29,30,440.9,111,49,121,40.5,1,2,50.0,12,22,54.5,8,24,32,44,21,15,2,22,245,0,0,-34,,,,,,,,,,,,,,,,,,,,,,,,,,
371,Nolan Smith,POR,24,40,13,27,287.6,110,42,114,36.8,6,28,21.4,20,28,71.4,7,20,27,35,29,7,1,26,190,0,0,-13,,,,,,,,,,,,,,,,,,,,,,,,,,
371,Terrence Williams,BOS,26,24,11,13,318.0,110,48,97,49.5,5,15,33.3,9,21,42.9,4,40,44,38,22,11,2,13,237,0,0,-12,,,,,,,,,,,,,,,,,,,,,,,,,,
373,Johan Petro,ATL,27,31,13,18,351.7,108,48,110,43.6,1,4,25.0,11,12,91.7,33,79,112,16,24,10,9,48,299,2,0,-93,,,,,,,,,,,,,,,,,,,,,,,,,,
373,Timofey Mozgov,DEN,26,41,27,14,366.2,108,44,87,50.6,0,2,0.0,20,26,76.9,50,57,107,9,25,6,18,57,297,1,0,-72,,,,,,,,,,,,,,,,,,,,,,,,,,
375,Ronnie Price,POR,30,39,18,21,509.8,105,39,120,32.5,10,39,25.6,17,24,70.8,13,31,44,73,34,26,3,61,320,0,0,-74,,,,,,,,,,,,,,,,,,,,,,,,,,
376,Terrence Jones,HOU,21,19,9,10,275.7,104,43,94,45.7,5,19,26.3,13,17,76.5,28,37,65,15,13,12,19,21,285,1,0,-3,,,,,,,,,,,,,,,,,,,,,,,,,,
377,Sasha Pavlovic,POR,29,39,15,24,527.5,103,42,119,35.3,18,60,30.0,1,6,16.7,7,49,56,32,14,24,5,59,291,0,0,-32,,,,,,,,,,,,,,,,,,,,,,,,,,
378,Cole Aldrich,SAC,24,45,20,25,387.7,100,44,80,55.0,0,0,0.0,12,20,60.0,30,90,120,9,23,5,23,60,319,2,0,9,,,,,,,,,,,,,,,,,,,,,,,,,,
378,Mickael Pietrus,TOR,31,19,10,9,386.3,100,34,98,34.7,20,64,31.3,12,18,66.7,5,31,36,9,16,12,6,33,195,0,0,-36,,,,,,,,,,,,,,,,,,,,,,,,,,
380,Marquis Teague,CHI,20,48,24,24,391.9,99,43,113,38.1,4,23,17.4,9,16,56.3,3,41,44,63,35,9,7,47,259,0,0,-11,,,,,,,,,,,,,,,,,,,,,,,,,,
381,Kurt Thomas,NYK,40,39,20,19,392.4,97,45,83,54.2,1,1,100.0,6,13,46.2,24,65,89,21,8,10,16,52,305,0,0,-22,,,,,,,,,,,,,,,,,,,,,,,,,,
382,Earl Watson,UTA,34,48,24,24,829.1,96,37,120,30.8,5,28,17.9,17,25,68.0,23,64,87,190,69,40,8,94,560,0,0,-51,,,,,,,,,,,,,,,,,,,,,,,,,,
383,Corey Maggette,DET,33,18,7,11,256.9,95,27,76,35.5,5,21,23.8,36,48,75.0,5,20,25,19,17,6,2,42,161,0,0,-17,,,,,,,,,,,,,,,,,,,,,,,,,,
383,Kevin Jones,CLE,23,32,5,27,334.0,95,43,107,40.2,0,0,0.0,9,15,60.0,38,40,78,10,8,9,5,25,238,1,0,55,,,,,,,,,,,,,,,,,,,,,,,,,,
385,Grant Hill,LAC,40,29,15,14,436.7,93,38,98,38.8,3,11,27.3,14,24,58.3,6,43,49,26,25,11,7,39,220,0,0,1,,,,,,,,,,,,,,,,,,,,,,,,,,
386,Tony Wroten,MEM,20,35,28,7,271.9,91,33,86,38.4,4,16,25.0,21,29,72.4,13,15,28,43,29,8,4,34,196,0,0,-57,,,,,,,,,,,,,,,,,,,,,,,,,,
387,Perry Jones III,OKC,21,38,30,8,279.9,88,39,99,39.4,0,2,0.0,10,15,66.7,12,50,62,10,15,5,6,23,195,0,0,0,,,,,,,,,,,,,,,,,,,,,,,,,,
388,Joel Anthony,MIA,30,62,50,12,566.2,87,35,68,51.5,0,0,0.0,17,28,60.7,45,70,115,13,22,13,42,49,388,0,0,28,,,,,,,,,,,,,,,,,,,,,,,,,,
389,Tyshawn Taylor,BKN,23,38,23,15,220.5,85,32,87,36.8,6,13,46.2,15,27,55.6,2,16,18,21,25,13,0,25,152,0,0,-66,,,,,,,,,,,,,,,,,,,,,,,,,,
390,Hamed Haddadi,PHX,28,30,10,20,321.6,84,35,82,42.7,0,0,0.0,14,27,51.9,43,68,111,12,31,6,27,60,303,0,0,0,,,,,,,,,,,,,,,,,,,,,,,,,,
391,Donald Sloan,NOH,25,23,6,17,263.2,81,27,78,34.6,7,19,36.8,20,25,80.0,3,25,28,38,14,5,0,17,173,0,0,-67,,,,,,,,,,,,,,,,,,,,,,,,,,
392,Malcolm Lee,MIN,23,16,7,9,288.6,78,29,76,38.2,8,24,33.3,12,20,60.0,15,24,39,20,10,12,6,30,199,0,0,12,,,,,,,,,,,,,,,,,,,,,,,,,,
393,Viacheslav Kravtsov,DET,25,25,8,17,223.7,77,33,46,71.7,0,0,0.0,11,37,29.7,24,21,45,9,14,5,9,32,173,1,0,-22,,,,,,,,,,,,,,,,,,,,,,,,,,
394,Lou Amundson,NOH,30,39,11,28,371.5,76,32,81,39.5,0,0,0.0,12,36,33.3,48,58,106,11,19,16,12,53,285,0,0,-65,,,,,,,,,,,,,,,,,,,,,,,,,,
394,Maalik Wayns,LAC,22,27,10,17,202.0,76,26,88,29.5,7,31,22.6,17,19,89.5,1,6,7,27,15,6,0,26,128,0,0,-59,,,,,,,,,,,,,,,,,,,,,,,,,,
396,Jeremy Evans,UTA,25,37,20,17,215.1,75,27,44,61.4,0,1,0.0,21,33,63.6,26,32,58,11,8,8,13,30,216,0,0,24,,,,,,,,,,,,,,,,,,,,,,,,,,
397,Josh Howard,MIN,33,11,5,6,207.2,74,31,77,40.3,5,16,31.3,7,12,58.3,9,27,36,4,10,10,3,18,152,1,0,-17,,,,,,,,,,,,,,,,,,,,,,,,,,
398,Jeremy Lamb,OKC,21,23,20,3,146.6,71,24,68,35.3,9,30,30.0,14,14,100.0,5,13,18,5,6,2,2,13,106,0,0,-45,,,,,,,,,,,,,,,,,,,,,,,,,,
399,Shavlik Randolph,BOS,29,16,7,9,198.1,67,28,48,58.3,0,0,0.0,11,27,40.7,28,42,70,4,10,8,7,38,192,0,0,6,,,,,,,,,,,,,,,,,,,,,,,,,,
400,Devin Ebanks,LAL,23,19,8,11,196.6,65,24,73,32.9,6,22,27.3,11,14,78.6,10,31,41,10,11,3,1,23,130,0,0,-22,,,,,,,,,,,,,,,,,,,,,,,,,,
400,Troy Murphy,DAL,33,14,6,8,256.0,65,22,61,36.1,11,35,31.4,10,11,90.9,7,42,49,7,7,10,6,29,175,0,0,-20,,,,,,,,,,,,,,,,,,,,,,,,,,
402,James Jones,MIA,32,38,32,6,220.6,60,21,61,34.4,16,53,30.2,2,4,50.0,0,22,22,13,3,2,6,16,127,0,0,-16,,,,,,,,,,,,,,,,,,,,,,,,,,
403,DeAndre Liggins,OKC,25,39,30,9,290.0,58,21,47,44.7,7,19,36.8,9,18,50.0,13,40,53,15,14,18,3,33,193,0,0,-28,,,,,,,,,,,,,,,,,,,,,,,,,,
403,Samardo Samuels,CLE,24,18,3,15,195.5,58,22,60,36.7,0,1,0.0,14,24,58.3,10,18,28,8,6,3,3,30,116,0,0,-26,,,,,,,,,,,,,,,,,,,,,,,,,,
405,Ben Hansbrough,IND,25,28,20,8,200.3,57,15,45,33.3,6,23,26.1,21,27,77.8,2,16,18,21,18,7,2,23,119,0,0,-31,,,,,,,,,,,,,,,,,,,,,,,,,,
406,Jon Leuer,MEM,24,28,14,14,186.5,56,25,52,48.1,0,3,0.0,6,13,46.2,13,24,37,8,8,6,0,21,122,0,0,-65,,,,,,,,,,,,,,,,,,,,,,,,,,
407,Drew Gooden,MIL,31,16,9,7,151.4,52,20,61,32.8,1,5,20.0,11,16,68.8,13,18,31,6,9,5,6,21,122,0,0,-16,,,,,,,,,,,,,,,,,,,,,,,,,,
408,Al Harrington,ORL,33,10,3,7,118.9,51,20,57,35.1,8,30,26.7,3,4,75.0,6,21,27,10,7,4,1,18,106,0,0,-35,,,,,,,,,,,,,,,,,,,,,,,,,,
408,Dominic McGuire,IND,27,26,7,19,386.9,51,24,56,42.9,0,0,0.0,3,10,30.0,19,59,78,20,12,13,11,39,235,0,0,-101,,,,,,,,,,,,,,,,,,,,,,,,,,
410,Jared Jeffries,POR,31,38,16,22,349.8,44,16,54,29.6,0,2,0.0,12,23,52.2,26,34,60,14,17,6,6,58,156,0,0,12,,,,,,,,,,,,,,,,,,,,,,,,,,
411,Aron Baynes,SAS,26,16,11,5,141.4,43,18,36,50.0,0,1,0.0,7,12,58.3,12,20,32,5,11,1,6,23,99,0,0,-2,,,,,,,,,,,,,,,,,,,,,,,,,,
411,Robert Sacre,LAL,24,32,19,13,203.4,43,18,48,37.5,0,0,0.0,7,11,63.6,9,25,34,6,10,0,10,38,113,0,0,-52,,,,,,,,,,,,,,,,,,,,,,,,,,
413,Justin Holiday,PHI,24,9,4,5,142.0,42,16,48,33.3,4,16,25.0,6,8,75.0,0,14,14,15,9,3,6,7,99,0,0,12,,,,,,,,,,,,,,,,,,,,,,,,,,
413,Marcus Camby,NYK,39,24,16,8,250.4,42,17,53,32.1,0,0,0.0,8,19,42.1,24,56,80,14,15,7,14,28,207,0,0,-16,,,,,,,,,,,,,,,,,,,,,,,,,,
415,Jason Collins,WAS,34,38,19,19,384.6,41,9,29,31.0,0,0,0.0,23,32,71.9,22,38,60,8,18,12,10,85,173,0,0,3,,,,,,,,,,,,,,,,,,,,,,,,,,
415,Kwame Brown,PHI,31,22,7,15,269.5,41,17,37,45.9,0,0,0.0,7,19,36.8,23,51,74,9,8,6,10,37,183,0,0,-40,,,,,,,,,,,,,,,,,,,,,,,,,,
417,Diante Garrett,PHX,24,19,3,16,149.4,40,16,49,32.7,3,15,20.0,5,10,50.0,5,10,15,31,16,10,0,5,119,0,0,-47,,,,,,,,,,,,,,,,,,,,,,,,,,
418,Earl Barron,NYK,31,12,1,11,158.2,39,18,51,35.3,0,0,0.0,3,7,42.9,22,39,61,5,11,5,6,24,142,1,0,-18,,,,,,,,,,,,,,,,,,,,,,,,,,
419,Daniel Orton,OKC,22,13,10,3,103.9,33,12,26,46.2,0,0,0.0,9,17,52.9,13,13,26,4,4,4,3,13,87,0,0,-15,,,,,,,,,,,,,,,,,,,,,,,,,,
419,Vladimir Radmanovic,CHI,32,25,11,14,143.6,33,13,43,30.2,5,27,18.5,2,3,66.7,10,18,28,8,7,8,4,29,108,0,0,-38,,,,,,,,,,,,,,,,,,,,,,,,,,
421,Hedo Turkoglu,ORL,34,11,1,10,188.9,32,14,53,26.4,1,24,4.2,3,6,50.0,4,22,26,23,12,7,1,11,110,0,0,-82,,,,,,,,,,,,,,,,,,,,,,,,,,
422,Keyon Dooling,MEM,33,7,6,1,81.7,31,10,21,47.6,5,12,41.7,6,7,85.7,0,1,1,8,5,1,0,8,42,0,0,-20,,,,,,,,,,,,,,,,,,,,,,,,,,
423,Tornike Shengelia,BKN,21,19,11,8,92.7,30,10,23,43.5,1,2,50.0,9,16,56.3,9,14,23,3,11,3,1,11,63,1,0,10,,,,,,,,,,,,,,,,,,,,,,,,,,
424,Brandon Roy,MIN,28,5,4,1,121.9,29,11,35,31.4,0,9,0.0,7,10,70.0,3,11,14,23,7,3,0,5,82,0,0,6,,,,,,,,,,,,,,,,,,,,,,,,,,
424,Chris Johnson,MEM,23,8,4,4,102.1,29,11,25,44.0,6,18,33.3,1,2,50.0,5,6,11,2,3,4,0,5,54,0,0,36,,,,,,,,,,,,,,,,,,,,,,,,,,
424,DJ White,BOS,26,12,4,8,86.0,29,12,23,52.2,0,0,0.0,5,9,55.6,4,9,13,4,2,1,6,5,70,0,0,27,,,,,,,,,,,,,,,,,,,,,,,,,,
427,Danny Granger,IND,30,5,4,1,73.7,27,10,35,28.6,2,10,20.0,5,8,62.5,3,6,9,3,4,2,1,6,47,0,0,-16,,,,,,,,,,,,,,,,,,,,,,,,,,
428,Andris Biedrins,GSW,27,53,28,25,495.2,24,10,21,47.6,0,0,0.0,4,13,30.8,34,119,153,14,14,15,42,101,386,0,0,-75,,,,,,,,,,,,,,,,,,,,,,,,,,
429,Jeremy Tyler,ATL,22,21,10,11,68.4,22,9,24,37.5,0,0,0.0,4,6,66.7,6,14,20,1,6,1,2,10,51,0,0,7,,,,,,,,,,,,,,,,,,,,,,,,,,
430,Juwan Howard,MIA,40,7,7,0,50.7,21,10,19,52.6,0,0,0.0,1,1,100.0,0,8,8,6,4,0,0,9,36,0,0,-13,,,,,,,,,,,,,,,,,,,,,,,,,,
431,Josh Selby,MEM,22,10,6,4,58.8,20,6,22,27.3,1,6,16.7,7,11,63.6,0,5,5,4,7,2,0,7,31,0,0,-40,,,,,,,,,,,,,,,,,,,,,,,,,,
432,Luke Zeller,PHX,26,16,6,10,58.2,19,9,26,34.6,1,5,20.0,0,0,0.0,1,9,10,3,0,0,0,5,36,0,0,-42,,,,,,,,,,,,,,,,,,,,,,,,,,
433,Chris Douglas-Roberts,DAL,26,6,1,5,63.1,17,5,14,35.7,0,4,0.0,7,10,70.0,0,5,5,4,1,2,0,4,34,0,0,-13,,,,,,,,,,,,,,,,,,,,,,,,,,
434,DeSagana Diop,CHA,31,22,3,19,226.0,16,8,27,29.6,0,1,0.0,0,1,0.0,10,41,51,13,8,5,16,19,152,0,0,-26,,,,,,,,,,,,,,,,,,,,,,,,,,
434,Jared Cunningham,DAL,22,8,4,4,25.7,16,6,14,42.9,2,3,66.7,2,2,100.0,1,2,3,1,2,1,0,3,22,0,0,-9,,,,,,,,,,,,,,,,,,,,,,,,,,
436,Kevin Murphy,UTA,23,17,11,6,52.4,15,7,28,25.0,1,5,20.0,0,0,0.0,0,4,4,2,3,1,0,4,23,0,0,-45,,,,,,,,,,,,,,,,,,,,,,,,,,
436,Malcolm Thomas,CHI,24,12,6,6,56.8,15,5,10,50.0,0,0,0.0,5,8,62.5,5,11,16,4,3,2,2,8,49,0,0,37,,,,,,,,,,,,,,,,,,,,,,,,,,
436,Terrel Harris,NOH,25,20,7,13,137.2,15,4,27,14.8,0,8,0.0,7,10,70.0,4,22,26,9,17,2,3,17,58,0,0,-1,,,,,,,,,,,,,,,,,,,,,,,,,,
439,Brandon Rush,GSW,27,2,1,1,25.3,14,6,9,66.7,0,2,0.0,2,3,66.7,0,1,1,2,3,0,0,5,15,0,0,6,,,,,,,,,,,,,,,,,,,,,,,,,,
439,Cory Higgins,CHA,24,6,3,3,32.2,14,6,19,31.6,1,5,20.0,1,2,50.0,1,2,3,5,0,3,0,5,34,0,0,-7,,,,,,,,,,,,,,,,,,,,,,,,,,
439,Josh Childress,BKN,30,14,8,6,100.1,14,6,21,28.6,1,3,33.3,1,2,50.0,6,9,15,5,0,2,2,3,52,0,0,-35,,,,,,,,,,,,,,,,,,,,,,,,,,
442,Miles Plumlee,IND,24,14,9,5,55.0,13,5,21,23.8,0,0,0.0,3,4,75.0,12,10,22,2,3,0,3,5,48,0,0,-12,,,,,,,,,,,,,,,,,,,,,,,,,,
443,Chris Quinn,CLE,29,7,0,7,78.3,10,4,16,25.0,0,5,0.0,2,2,100.0,1,1,2,9,6,3,0,4,29,0,0,11,,,,,,,,,,,,,,,,,,,,,,,,,,
443,Josh Harrellson,MIA,24,6,3,3,30.7,10,4,9,44.4,1,5,20.0,1,2,50.0,3,4,7,0,3,1,1,4,21,0,0,-1,,,,,,,,,,,,,,,,,,,,,,,,,,
443,Lazar Hayward,MIN,26,4,0,4,31.1,10,2,10,20.0,0,4,0.0,6,6,100.0,0,4,4,3,0,2,0,3,25,0,0,-26,,,,,,,,,,,,,,,,,,,,,,,,,,
446,Eddy Curry,DAL,30,2,1,1,24.8,9,4,8,50.0,0,0,0.0,1,4,25.0,2,2,4,0,3,0,0,7,11,0,0,6,,,,,,,,,,,,,,,,,,,,,,,,,,
446,Kris Joseph,BKN,24,10,7,3,53.9,9,2,14,14.3,0,3,0.0,5,8,62.5,1,6,7,1,2,3,0,3,26,0,0,-6,,,,,,,,,,,,,,,,,,,,,,,,,,
446,Quincy Miller,DEN,20,7,6,1,25.7,9,4,12,33.3,0,1,0.0,1,2,50.0,1,1,2,3,1,1,0,3,18,0,0,-5,,,,,,,,,,,,,,,,,,,,,,,,,,
449,Dexter Pittman,MEM,25,11,9,2,31.9,8,4,11,36.4,0,0,0.0,0,3,0.0,7,5,12,0,3,0,0,8,19,0,0,-29,,,,,,,,,,,,,,,,,,,,,,,,,,
449,Jarvis Varnado,MIA,25,13,10,3,58.2,8,3,7,42.9,0,0,0.0,2,4,50.0,2,7,9,3,6,1,2,10,26,0,0,-23,,,,,,,,,,,,,,,,,,,,,,,,,,
449,Scott Machado,GSW,23,6,4,2,21.3,8,3,6,50.0,0,1,0.0,2,2,100.0,0,1,1,6,8,2,0,0,16,0,0,-10,,,,,,,,,,,,,,,,,,,,,,,,,,
449,Tyler Honeycutt,SAC,22,9,3,6,31.5,8,3,11,27.3,0,2,0.0,2,2,100.0,3,7,10,2,5,0,1,2,21,0,0,-10,,,,,,,,,,,,,,,,,,,,,,,,,,
453,Fab Melo,BOS,23,6,3,3,36.0,7,3,6,50.0,0,0,0.0,1,4,25.0,0,3,3,0,1,2,2,7,22,0,0,-7,,,,,,,,,,,,,,,,,,,,,,,,,,
453,Julyan Stone,DEN,24,4,2,2,27.8,7,2,2,100.0,0,0,0.0,3,4,75.0,2,1,3,2,2,1,0,4,15,0,0,7,,,,,,,,,,,,,,,,,,,,,,,,,,
455,Josh Akognon,DAL,27,3,2,1,8.7,5,2,4,50.0,1,2,50.0,0,0,0.0,0,1,1,1,0,0,0,3,8,0,0,-5,,,,,,,,,,,,,,,,,,,,,,,,,,
455,Quentin Richardson,NYK,33,1,1,0,28.9,5,1,11,9.1,1,4,25.0,2,2,100.0,5,5,10,1,2,0,0,1,17,0,0,-9,,,,,,,,,,,,,,,,,,,,,,,,,,
457,Henry Sims,NOH,23,2,0,2,4.8,4,2,3,66.7,0,0,0.0,0,0,0.0,2,0,2,0,1,0,0,1,5,0,0,1,,,,,,,,,,,,,,,,,,,,,,,,,,
458,Tim Ohlbrecht,HOU,24,3,3,0,11.7,3,1,3,33.3,0,0,0.0,1,1,100.0,0,1,1,1,4,1,0,1,5,0,0,-7,,,,,,,,,,,,,,,,,,,,,,,,,,
459,Chris Wright,DAL,23,3,2,1,4.4,2,1,2,50.0,0,0,0.0,0,0,0.0,0,0,0,0,1,0,0,0,1,0,0,-8,,,,,,,,,,,,,,,,,,,,,,,,,,
459,DaJuan Summers,LAC,25,2,1,1,6.7,2,1,4,25.0,0,0,0.0,0,0,0.0,0,2,2,1,0,0,0,0,6,0,0,0,,,,,,,,,,,,,,,,,,,,,,,,,,
459,Joel Przybilla,MIL,33,12,4,8,68.1,2,1,4,25.0,0,0,0.0,0,2,0.0,5,16,21,4,4,1,2,10,38,0,0,-46,,,,,,,,,,,,,,,,,,,,,,,,,,
462,Will Conroy,MIN,30,4,2,2,20.4,1,0,9,0.0,0,3,0.0,1,2,50.0,1,0,1,0,0,0,0,1,2,0,0,-40,,,,,,,,,,,,,,,,,,,,,,,,,,
463,Andrew Goudelock,LAL,24,1,1,0,6.2,0,0,2,0.0,0,0,0.0,0,0,0.0,1,0,1,0,0,0,0,0,1,0,0,-12,,,,,,,,,,,,,,,,,,,,,,,,,,
463,Damion James,BKN,25,2,2,0,0.4,0,0,0,0.0,0,0,0.0,0,0,0.0,0,1,1,0,0,0,0,0,1,0,0,-1,,,,,,,,,,,,,,,,,,,,,,,,,,
463,Darius Johnson-Odom,LAL,23,4,4,0,5.6,0,0,4,0.0,0,1,0.0,0,0,0.0,1,3,4,1,0,0,0,0,6,0,0,-8,,,,,,,,,,,,,,,,,,,,,,,,,,
463,Darko Milicic,BOS,28,1,0,1,4.5,0,0,1,0.0,0,0,0.0,0,0,0.0,0,1,1,0,2,0,0,1,-1,0,0,-3,,,,,,,,,,,,,,,,,,,,,,,,,,
463,Justin Dentmon,DAL,27,2,0,2,4.4,0,0,2,0.0,0,0,0.0,0,0,0.0,0,0,0,0,0,0,0,0,0,0,0,-2,,,,,,,,,,,,,,,,,,,,,,,,,,
463,Matt Carroll,CHA,32,1,0,1,5.8,0,0,0,0.0,0,0,0.0,0,0,0.0,0,0,0,1,0,0,0,1,2,0,0,-2,,,,,,,,,,,,,,,,,,,,,,,,,,
463,Solomon Jones,NYK,28,2,2,0,26.1,0,0,1,0.0,0,0,0.0,0,0,0.0,1,2,3,0,3,0,1,3,4,0,0,1,,,,,,,,,,,,,,,,,,,,,,,,,,
